{"stats":{"minecraft:mined":{"minecraft:tuff":1,"minecraft:deepslate_diamond_ore":4,"minecraft:oak_door":2,"minecraft:cherry_log":11,"minecraft:brewing_stand":1,"minecraft:glow_lichen":2,"minecraft:granite":4,"minecraft:grass_block":3,"biomesoplenty:white_petals":9,"biomesoplenty:jacaranda_log":8,"biomesoplenty:tall_lavender":5,"minecraft:furnace":1,"biomesoplenty:toadstool":1,"biomesoplenty:lavender":120,"minecraft:andesite":18,"minecraft:pumpkin":8,"soulsweapons:moonstone_ore_deepslate":12,"minecraft:deepslate_iron_ore":5,"biomesoplenty:webbing":1,"biomesoplenty:jacaranda_door":1,"minecraft:stone":311,"biomesoplenty:spider_egg":1,"biomesoplenty:jacaranda_leaves":1,"minecraft:deepslate_redstone_ore":2,"minecraft:red_bed":5,"minecraft:crafting_table":4,"minecraft:torch":3,"minecraft:tall_grass":18,"minecraft:copper_ore":2,"minecraft:cobblestone":48,"minecraft:diorite":9,"minecraft:wall_torch":4,"epicpaladins:deepslate_cryorium_ore":1,"biomesoplenty:fir_log":8,"minecraft:grass":119,"minecraft:coal_ore":26,"minecraft:oak_log":18,"minecraft:dirt":9,"minecraft:cobweb":1,"minecraft:oak_leaves":1,"minecraft:deepslate":4,"minecraft:fern":1},"minecraft:killed_by":{"minecraft:creeper":1,"minecraft:skeleton":1},"minecraft:dropped":{"minecraft:wheat_seeds":12,"minecraft:golden_helmet":1,"biomesoplenty:lavender":163,"minecraft:feather":6,"minecraft:cobblestone":9,"minecraft:granite":4,"minecraft:coal":18,"minecraft:dirt":47,"minecraft:diorite":7,"minecraft:torch":1,"minecraft:pumpkin":12,"minecraft:iron_pickaxe":1,"minecraft:white_wool":1,"minecraft:string":12,"minecraft:gold_ingot":1,"minecraft:bone":8,"minecraft:oak_door":3,"minecraft:iron_nugget":8,"minecraft:cobbled_deepslate":3,"minecraft:stone_sword":1,"minecraft:deepslate":1,"minecraft:rotten_flesh":27,"soulsweapons:sting":1,"minecraft:light_gray_wool":1,"biomesoplenty:white_petals":48,"minecraft:flint_and_steel":1,"biomesoplenty:fir_planks":2,"minecraft:andesite":36,"minecraft:arrow":3,"minecraft:stone_pickaxe":3,"minecraft:wooden_pickaxe":2,"biomesoplenty:tall_lavender":3,"naturalist:duck":1},"minecraft:killed":{"minecraft:spider":11,"minecraft:skeleton":8,"minecraft:pig":11,"naturalist:bear":1,"naturalist:bluejay":3,"minecraft:creeper":1,"minecraft:sheep":6,"minecraft:zombie":28,"minecraft:cow":5,"minecraft:enderman":1},"minecraft:picked_up":{"minecraft:crafting_table":4,"minecraft:wooden_pickaxe":1,"soulsweapons:moonstone":15,"minecraft:brewing_stand":1,"minecraft:shield":1,"minecraft:string":11,"minecraft:red_bed":4,"minecraft:flint_and_steel":1,"biomesoplenty:tall_lavender":6,"soulsweapons:sting":1,"minecraft:cobbled_deepslate":10,"biomesoplenty:fir_planks":1,"minecraft:beef":12,"minecraft:iron_nugget":4,"minecraft:iron_pickaxe":1,"minecraft:light_gray_wool":1,"minecraft:egg":1,"minecraft:furnace":1,"minecraft:golden_helmet":1,"minecraft:stick":1,"minecraft:raw_iron":6,"naturalist:duck":1,"minecraft:stone":2,"minecraft:oak_door":5,"minecraft:torch":7,"minecraft:porkchop":22,"minecraft:cherry_log":10,"tombstone:grave_dust":6,"minecraft:diorite":10,"minecraft:redstone":8,"minecraft:rotten_flesh":27,"minecraft:arrow":3,"epicpaladins:cryorium_gem":1,"biomesoplenty:jacaranda_log":8,"biomesoplenty:white_petals":48,"minecraft:mutton":10,"minecraft:white_wool":4,"minecraft:cobblestone":351,"biomesoplenty:lavender":128,"minecraft:feather":6,"minecraft:andesite":37,"minecraft:leather":1,"minecraft:potato":1,"biomesoplenty:jacaranda_door":2,"biomesoplenty:fir_log":8,"minecraft:oak_log":17,"minecraft:gunpowder":2,"minecraft:dirt":123,"tombstone:gift":2,"minecraft:bone":8,"minecraft:wheat_seeds":23,"minecraft:stone_pickaxe":1,"minecraft:iron_sword":1,"biomesoplenty:toadstool":1,"minecraft:pumpkin":18,"biomesoplenty:jacaranda_leaves":1,"minecraft:spider_eye":2,"tombstone:scroll_of_true_sight":1,"minecraft:coal_ore":5,"minecraft:deepslate":1,"minecraft:diamond":4,"minecraft:granite":4,"minecraft:gray_wool":1,"soulsweapons:verglas":1,"minecraft:bread":5,"minecraft:baked_potato":16,"minecraft:coal":19,"minecraft:ender_pearl":1},"minecraft:used":{"soulsweapons:sting":169,"minecraft:stone_sword":76,"minecraft:chest":2,"minecraft:shield":20,"minecraft:stone":2,"minecraft:iron_sword":9,"minecraft:oak_door":2,"minecraft:torch":10,"minecraft:dirt":67,"minecraft:coal_ore":5,"biomesoplenty:tall_lavender":3,"minecraft:furnace":4,"tombstone:gift":6,"minecraft:egg":1,"minecraft:cooked_beef":11,"minecraft:potato":9,"minecraft:cobbled_deepslate":2,"minecraft:pumpkin":6,"biomesoplenty:jacaranda_door":2,"minecraft:diorite":3,"minecraft:stone_pickaxe":220,"minecraft:baked_potato":12,"minecraft:wooden_pickaxe":45,"biomesoplenty:lavender":1,"tombstone:scroll_of_true_sight":1,"minecraft:golden_hoe":5,"soulsweapons:bluemoon_shortsword":109,"minecraft:crafting_table":9,"minecraft:red_bed":4,"minecraft:white_bed":1,"minecraft:oak_log":5,"minecraft:bread":3,"minecraft:iron_pickaxe":254,"biomesoplenty:toadstool":1,"minecraft:cobblestone":310,"minecraft:cooked_porkchop":10,"minecraft:andesite":1,"biomesoplenty:jacaranda_leaves":1,"minecraft:golden_pickaxe":23},"minecraft:crafted":{"minecraft:oak_door":3,"minecraft:oak_planks":36,"minecraft:furnace":3,"minecraft:cooked_mutton":4,"minecraft:flint_and_steel":1,"tombstone:grave_key":1,"minecraft:stone_pickaxe":2,"minecraft:chest":2,"minecraft:golden_helmet":2,"minecraft:cooked_beef":11,"soulsweapons:bluemoon_shortsword":1,"biomesoplenty:jacaranda_planks":20,"minecraft:cooked_porkchop":14,"minecraft:crafting_table":5,"minecraft:wooden_pickaxe":1,"minecraft:oak_wood":3,"biomesoplenty:fir_planks":16,"minecraft:stick":12,"minecraft:iron_ingot":11,"minecraft:iron_pickaxe":1,"minecraft:stone_sword":1,"minecraft:gold_ingot":11,"minecraft:white_bed":1,"minecraft:torch":4},"minecraft:custom":{"minecraft:mob_kills":80,"minecraft:interact_with_crafting_table":55,"minecraft:time_since_death":112758,"minecraft:sprint_one_cm":710557,"minecraft:walk_one_cm":757893,"minecraft:damage_blocked_by_shield":820,"minecraft:drop":64,"minecraft:talked_to_villager":12,"minecraft:play_time":182941,"minecraft:deaths":4,"minecraft:sneak_time":1292,"minecraft:walk_under_water_one_cm":12700,"minecraft:jump":2412,"minecraft:total_world_time":182941,"minecraft:walk_on_water_one_cm":28787,"minecraft:interact_with_furnace":31,"minecraft:sleep_in_bed":4,"minecraft:time_since_rest":111885,"minecraft:damage_taken":3558,"minecraft:damage_dealt":12855,"tombstone:cast_on_ally":2,"minecraft:swim_one_cm":15325,"minecraft:fly_one_cm":276152,"minecraft:open_chest":17,"minecraft:crouch_one_cm":5593,"tombstone:undead_killed":36,"minecraft:interact_with_smoker":1,"minecraft:fall_one_cm":58856,"minecraft:horse_one_cm":3149}},"DataVersion":3465}