{"stats":{"minecraft:killed":{"minecraft:spider":15,"minecraft:skeleton":22,"minecraft:pig":17,"naturalist:firefly":2,"minecraft:creeper":2,"minecraft:sheep":7,"minecraft:zombie":50,"minecraft:glow_squid":1,"minecraft:cow":11,"naturalist:coral_snake":1,"naturalist:bear":1,"naturalist:bluejay":3,"minecraft:enderman":2},"minecraft:dropped":{"minecraft:oak_log":6,"minecraft:cooked_porkchop":9,"minecraft:pitcher_pod":3,"minecraft:dirt":325,"minecraft:cornflower":1,"minecraft:iron_pickaxe":1,"minecraft:white_wool":1,"minecraft:gold_ingot":1,"minecraft:bone":8,"minecraft:oak_door":15,"minecraft:gravel":1,"minecraft:iron_nugget":71,"minecraft:cobbled_deepslate":3,"minecraft:rotten_flesh":54,"minecraft:oak_planks":1,"minecraft:cooked_mutton":1,"biomesoplenty:white_petals":48,"minecraft:carrot":1,"minecraft:beetroot_seeds":3,"minecraft:arrow":24,"minecraft:beef":1,"biomesoplenty:tall_lavender":17,"minecraft:egg":5,"minecraft:enchanted_book":1,"usefulbackpacks:backpack_medium":2,"biomesoplenty:jacaranda_sapling":1,"minecraft:wheat_seeds":41,"rechiseled:oak_planks_large_tiles":1,"minecraft:golden_helmet":1,"soulsweapons:bluemoon_greatsword":2,"biomesoplenty:lavender":494,"minecraft:feather":6,"minecraft:cobblestone":11,"minecraft:granite":33,"biomesoplenty:jacaranda_planks":1,"minecraft:coal":18,"minecraft:diorite":13,"minecraft:torch":1,"minecraft:pumpkin":12,"minecraft:string":14,"minecraft:stone_sword":1,"minecraft:deepslate":1,"minecraft:tuff":13,"soulsweapons:sting":1,"minecraft:light_gray_wool":1,"minecraft:flint_and_steel":1,"biomesoplenty:fir_planks":2,"minecraft:andesite":55,"minecraft:bow":4,"minecraft:stone_pickaxe":3,"minecraft:wooden_pickaxe":2,"naturalist:duck":1},"minecraft:used":{"rechiseled:oak_planks_bricks":1,"minecraft:iron_shovel":1127,"minecraft:chest":23,"minecraft:shield":42,"minecraft:stone":2,"minecraft:iron_sword":9,"minecraft:grass":3,"minecraft:carrot":2,"minecraft:glass":121,"minecraft:coal_ore":5,"minecraft:lantern":7,"minecraft:furnace":6,"minecraft:egg":21,"minecraft:potato":9,"biomesoplenty:jacaranda_fence":49,"minecraft:diorite":11,"minecraft:stone_pickaxe":220,"minecraft:oak_planks":170,"minecraft:wooden_pickaxe":45,"biomesoplenty:lavender":4,"biomesoplenty:flowering_oak_sapling":1,"tombstone:scroll_of_true_sight":1,"elevatorid:elevator_white":1,"soulsweapons:bluemoon_greatsword":114,"minecraft:golden_hoe":32,"minecraft:sand":8,"soulsweapons:bluemoon_shortsword":199,"minecraft:shears":12,"biomesoplenty:jacaranda_planks":760,"minecraft:bread":7,"minecraft:andesite":17,"biomesoplenty:jacaranda_leaves":1,"minecraft:golden_pickaxe":32,"biomesoplenty:flowering_oak_leaves":1,"soulsweapons:sting":169,"minecraft:stone_sword":76,"biomesoplenty:jacaranda_fence_gate":5,"minecraft:oak_door":2,"minecraft:torch":11,"minecraft:brewing_stand":1,"minecraft:dirt":752,"minecraft:anvil":1,"minecraft:oak_wood":3,"minecraft:granite":5,"minecraft:iron_hoe":9,"rechiseled:oak_planks_large_tiles":2,"minecraft:iron_axe":755,"minecraft:oak_stairs":2,"biomesoplenty:tall_lavender":3,"biomesoplenty:jacaranda_stairs":5,"tombstone:gift":12,"minecraft:cooked_beef":28,"minecraft:cobbled_deepslate":151,"minecraft:pumpkin":6,"minecraft:wheat_seeds":38,"minecraft:cooked_mutton":9,"minecraft:water_bucket":3,"biomesoplenty:jacaranda_door":2,"minecraft:chiseled_bookshelf":1,"minecraft:baked_potato":16,"soulsweapons:moonstone_pickaxe":1423,"minecraft:crafting_table":13,"minecraft:red_bed":4,"minecraft:white_bed":6,"minecraft:painting":2,"minecraft:oak_log":31,"tombstone:bag_of_seeds":2,"biomesoplenty:jacaranda_trapdoor":5,"minecraft:iron_pickaxe":258,"biomesoplenty:toadstool":1,"tombstone:ankh_of_prayer":10,"minecraft:cobblestone":375,"minecraft:purple_bed":1,"minecraft:cooked_porkchop":25,"minecraft:bucket":3},"minecraft:mined":{"minecraft:white_bed":4,"minecraft:farmland":3,"minecraft:cherry_log":11,"minecraft:brewing_stand":1,"minecraft:granite":53,"minecraft:grass_block":300,"biomesoplenty:flowering_oak_leaves":3,"biomesoplenty:jacaranda_stairs":3,"biomesoplenty:tall_lavender":17,"minecraft:iron_ore":36,"minecraft:cobbled_deepslate":1,"biomesoplenty:lavender":456,"minecraft:pumpkin":8,"minecraft:deepslate_lapis_ore":17,"biomesoplenty:hanging_cobweb":2,"minecraft:oak_stairs":2,"biomesoplenty:webbing":4,"biomesoplenty:jacaranda_trapdoor":5,"biomesoplenty:jacaranda_leaves":8,"minecraft:deepslate_redstone_ore":29,"minecraft:red_bed":5,"soulsweapons:verglas_ore_deepslate":11,"biomesoplenty:jacaranda_planks":386,"minecraft:torch":4,"minecraft:chest":12,"minecraft:glass":14,"minecraft:cobblestone":55,"minecraft:oak_planks":26,"minecraft:wall_torch":4,"minecraft:wheat":18,"epicpaladins:deepslate_cryorium_ore":4,"biomesoplenty:fir_log":8,"minecraft:grass":415,"minecraft:oak_log":137,"minecraft:sand":261,"minecraft:dirt":884,"minecraft:oak_leaves":10,"minecraft:deepslate":470,"soulsweapons:verglas_ore":1,"minecraft:diamond_ore":1,"minecraft:tuff":14,"minecraft:deepslate_diamond_ore":15,"minecraft:oak_door":2,"biomesoplenty:jacaranda_fence":7,"minecraft:glow_lichen":4,"minecraft:chiseled_bookshelf":1,"biomesoplenty:white_petals":9,"biomesoplenty:jacaranda_log":141,"minecraft:furnace":3,"minecraft:carrots":1,"biomesoplenty:toadstool":1,"minecraft:andesite":53,"soulsweapons:moonstone_ore_deepslate":52,"minecraft:deepslate_iron_ore":61,"minecraft:lantern":2,"biomesoplenty:jacaranda_door":1,"biomesoplenty:spider_egg":1,"minecraft:stone":638,"biomesoplenty:jacaranda_fence_gate":3,"epicpaladins:deepslate_bloodstone_ore":2,"minecraft:crafting_table":7,"rechiseled:oak_planks_bricks":1,"minecraft:cornflower":1,"minecraft:oak_wood":3,"minecraft:tall_grass":33,"minecraft:copper_ore":2,"minecraft:deepslate_coal_ore":3,"minecraft:lapis_ore":5,"minecraft:deepslate_gold_ore":9,"minecraft:diorite":94,"minecraft:purple_bed":1,"epicpaladins:bloodstone_ore":1,"minecraft:coal_ore":107,"minecraft:gravel":12,"minecraft:cobweb":8,"rechiseled:oak_planks_large_tiles":2,"minecraft:fern":1},"minecraft:broken":{"minecraft:golden_helmet":1,"minecraft:iron_shovel":4,"minecraft:golden_boots":1,"minecraft:leather_leggings":1,"minecraft:golden_chestplate":1,"minecraft:golden_hoe":1,"minecraft:iron_axe":2,"minecraft:golden_pickaxe":1},"minecraft:crafted":{"minecraft:oak_planks":348,"usefulbackpacks:backpack_small":1,"tombstone:ankh_of_prayer":1,"minecraft:cooked_mutton":10,"minecraft:glass":244,"minecraft:diamond_leggings":1,"tombstone:grave_key":1,"minecraft:chest":11,"biomesoplenty:jacaranda_trapdoor":2,"biomesoplenty:jacaranda_stairs":2,"soulsweapons:bluemoon_greatsword":1,"minecraft:cooked_porkchop":25,"biomesoplenty:jacaranda_planks":520,"minecraft:crafting_table":7,"minecraft:wooden_pickaxe":1,"biomesoplenty:jacaranda_fence_gate":4,"minecraft:oak_wood":6,"biomesoplenty:jacaranda_slab":6,"minecraft:painting":1,"biomesoplenty:jacaranda_fence":48,"rechiseled:chisel":1,"biomesoplenty:fir_planks":16,"minecraft:stick":114,"minecraft:iron_ingot":103,"minecraft:iron_pickaxe":2,"minecraft:iron_block":3,"minecraft:stone_sword":1,"minecraft:gold_ingot":12,"minecraft:redstone_torch":8,"minecraft:shears":1,"minecraft:oak_door":3,"minecraft:iron_nugget":59,"minecraft:furnace":3,"minecraft:flint_and_steel":1,"minecraft:lantern":5,"minecraft:iron_axe":4,"minecraft:iron_hoe":1,"minecraft:stone_pickaxe":2,"minecraft:chiseled_bookshelf":1,"soulsweapons:moonstone_pickaxe":2,"usefulbackpacks:backpack_medium":1,"minecraft:golden_helmet":2,"minecraft:cooked_beef":40,"soulsweapons:bluemoon_shortsword":1,"elevatorid:elevator_white":1,"minecraft:bucket":1,"minecraft:oak_stairs":10,"minecraft:iron_shovel":5,"minecraft:anvil":1,"minecraft:white_bed":1,"minecraft:torch":18},"minecraft:custom":{"minecraft:interact_with_crafting_table":148,"minecraft:leave_game":2,"minecraft:time_since_death":79382,"minecraft:sprint_one_cm":1499629,"minecraft:damage_blocked_by_shield":1750,"minecraft:drop":200,"minecraft:talked_to_villager":12,"minecraft:play_time":620460,"minecraft:deaths":8,"minecraft:jump":6627,"minecraft:interact_with_brewingstand":4,"minecraft:walk_on_water_one_cm":79407,"minecraft:interact_with_furnace":102,"minecraft:sleep_in_bed":26,"minecraft:damage_dealt":21911,"minecraft:crouch_one_cm":16967,"tombstone:undead_killed":72,"minecraft:interact_with_smoker":1,"minecraft:horse_one_cm":3149,"minecraft:interact_with_anvil":4,"minecraft:mob_kills":140,"minecraft:walk_one_cm":2391225,"minecraft:sneak_time":3595,"minecraft:walk_under_water_one_cm":38803,"minecraft:total_world_time":620460,"minecraft:time_since_rest":16946,"minecraft:damage_taken":7525,"tombstone:cast_on_ally":2,"minecraft:swim_one_cm":31783,"minecraft:fly_one_cm":951694,"minecraft:open_chest":380,"minecraft:fall_one_cm":138394},"minecraft:killed_by":{"minecraft:creeper":2,"minecraft:zombie":1,"minecraft:skeleton":3},"minecraft:picked_up":{"minecraft:wheat":11,"minecraft:oak_stairs":2,"soulsweapons:moonstone":52,"minecraft:enchanted_book":1,"rechiseled:oak_planks_bricks":1,"minecraft:brewing_stand":1,"minecraft:string":18,"biomesoplenty:tall_lavender":20,"epicpaladins:bloodstone_gem":3,"minecraft:diamond_leggings":1,"minecraft:cobbled_deepslate":435,"biomesoplenty:fir_planks":1,"minecraft:iron_pickaxe":2,"minecraft:furnace":3,"minecraft:golden_helmet":1,"minecraft:stick":1,"minecraft:torch":9,"minecraft:porkchop":35,"minecraft:cherry_log":10,"tombstone:grave_dust":8,"minecraft:diorite":95,"epicpaladins:cryorium_gem":2,"minecraft:rotten_flesh":54,"soulsweapons:bluemoon_greatsword":2,"biomesoplenty:white_petals":48,"minecraft:cobblestone":684,"biomesoplenty:lavender":468,"minecraft:feather":6,"biomesoplenty:flowering_oak_leaves":1,"minecraft:andesite":72,"biomesoplenty:fir_log":8,"minecraft:potato":1,"minecraft:tuff":13,"minecraft:lapis_lazuli":229,"minecraft:dirt":1428,"minecraft:lantern":2,"minecraft:bone":28,"minecraft:bow":4,"minecraft:wheat_seeds":98,"minecraft:raw_gold":9,"minecraft:oak_planks":31,"biomesoplenty:toadstool":1,"minecraft:cooked_porkchop":9,"minecraft:sand":260,"rechiseled:oak_planks_large_tiles":3,"minecraft:bundle":1,"minecraft:deepslate":1,"minecraft:diamond":16,"minecraft:granite":54,"minecraft:grass":3,"soulsweapons:verglas":13,"minecraft:bread":5,"minecraft:crafting_table":7,"minecraft:wooden_pickaxe":1,"biomesoplenty:jacaranda_sapling":5,"usefulbackpacks:backpack_medium":2,"biomesoplenty:jacaranda_fence_gate":3,"minecraft:shield":1,"minecraft:cornflower":1,"minecraft:red_bed":4,"biomesoplenty:jacaranda_fence":7,"minecraft:flint_and_steel":1,"soulsweapons:sting":1,"minecraft:beef":29,"minecraft:iron_nugget":67,"minecraft:light_gray_wool":1,"minecraft:chest":12,"minecraft:egg":26,"minecraft:raw_iron":98,"naturalist:duck":1,"minecraft:stone":2,"minecraft:oak_door":14,"minecraft:carrot":5,"minecraft:redstone":131,"biomesoplenty:jacaranda_trapdoor":5,"minecraft:arrow":22,"biomesoplenty:jacaranda_log":138,"biomesoplenty:jacaranda_stairs":3,"tombstone:essence_of_undeath":1,"minecraft:mutton":10,"minecraft:white_wool":29,"minecraft:glow_ink_sac":8,"minecraft:leather":10,"biomesoplenty:jacaranda_door":2,"minecraft:oak_log":133,"minecraft:gunpowder":4,"biomesoplenty:jacaranda_planks":393,"tombstone:gift":2,"minecraft:iron_ingot":9,"minecraft:stone_pickaxe":1,"tombstone:bag_of_seeds":1,"minecraft:iron_sword":1,"minecraft:pumpkin":18,"minecraft:gravel":13,"minecraft:white_bed":5,"biomesoplenty:jacaranda_leaves":1,"minecraft:spider_eye":5,"biomesoplenty:flowering_oak_sapling":1,"tombstone:scroll_of_true_sight":1,"minecraft:oak_wood":3,"minecraft:coal_ore":5,"minecraft:purple_bed":1,"minecraft:painting":1,"minecraft:gray_wool":4,"minecraft:baked_potato":16,"minecraft:coal":103,"minecraft:ender_pearl":1}},"DataVersion":3465}