{"stats":{"minecraft:mined":{"minecraft:furnace":1,"minecraft:red_bed":4,"biomesoplenty:toadstool":1,"minecraft:cherry_log":11,"minecraft:andesite":1,"minecraft:torch":1,"minecraft:pumpkin":6,"minecraft:crafting_table":3,"biomesoplenty:fir_log":8,"minecraft:grass":12,"minecraft:coal_ore":17,"biomesoplenty:white_petals":9,"minecraft:stone":11,"minecraft:wall_torch":3,"minecraft:fern":1},"minecraft:killed_by":{"minecraft:creeper":1},"minecraft:dropped":{"minecraft:dirt":29,"biomesoplenty:fir_planks":1,"minecraft:wheat_seeds":1},"minecraft:killed":{"minecraft:pig":4,"naturalist:bear":1,"naturalist:bluejay":3,"minecraft:spider":3,"minecraft:cow":4},"minecraft:used":{"minecraft:stone_sword":73,"minecraft:coal_ore":5,"minecraft:bread":1,"minecraft:stone_pickaxe":8,"minecraft:wooden_pickaxe":43,"biomesoplenty:toadstool":1,"minecraft:torch":4,"minecraft:dirt":6,"minecraft:crafting_table":4,"minecraft:furnace":1,"minecraft:red_bed":3,"minecraft:cooked_porkchop":3,"minecraft:golden_pickaxe":6},"minecraft:picked_up":{"biomesoplenty:toadstool":1,"minecraft:crafting_table":3,"minecraft:feather":2,"minecraft:pumpkin":6,"minecraft:andesite":1,"minecraft:torch":4,"biomesoplenty:fir_log":8,"minecraft:porkchop":8,"minecraft:cherry_log":10,"minecraft:string":5,"minecraft:dirt":58,"minecraft:red_bed":4,"minecraft:coal_ore":5,"minecraft:wheat_seeds":1,"biomesoplenty:fir_planks":1,"minecraft:beef":11,"biomesoplenty:white_petals":24,"minecraft:bread":1,"minecraft:coal":11,"minecraft:furnace":1,"minecraft:cobblestone":13},"minecraft:crafted":{"minecraft:cooked_beef":11,"biomesoplenty:fir_planks":16,"minecraft:cooked_porkchop":8,"minecraft:crafting_table":2,"minecraft:stick":8,"minecraft:iron_ingot":1,"minecraft:wooden_pickaxe":1,"minecraft:stone_pickaxe":1,"minecraft:stone_sword":1,"minecraft:gold_ingot":11,"minecraft:furnace":1,"minecraft:torch":4,"minecraft:golden_helmet":1,"minecraft:flint_and_steel":1},"minecraft:custom":{"minecraft:time_since_rest":1,"minecraft:interact_with_furnace":6,"minecraft:sprint_one_cm":114842,"minecraft:damage_taken":484,"minecraft:walk_one_cm":190171,"minecraft:mob_kills":16,"minecraft:drop":3,"minecraft:damage_dealt":1933,"minecraft:swim_one_cm":7901,"minecraft:interact_with_crafting_table":12,"minecraft:fly_one_cm":24435,"minecraft:open_chest":1,"minecraft:crouch_one_cm":2559,"minecraft:play_time":38941,"minecraft:deaths":1,"minecraft:sneak_time":733,"minecraft:walk_under_water_one_cm":1438,"minecraft:jump":387,"minecraft:time_since_death":297,"minecraft:walk_on_water_one_cm":5024,"minecraft:sleep_in_bed":4,"minecraft:total_world_time":38941,"minecraft:fall_one_cm":7222}},"DataVersion":3465}