{"stats":{"minecraft:mined":{"minecraft:tuff":1,"minecraft:deepslate_diamond_ore":4,"minecraft:cherry_log":11,"minecraft:brewing_stand":1,"minecraft:glow_lichen":2,"minecraft:granite":4,"minecraft:grass_block":2,"biomesoplenty:white_petals":9,"minecraft:furnace":1,"biomesoplenty:toadstool":1,"biomesoplenty:lavender":9,"minecraft:andesite":18,"minecraft:pumpkin":6,"soulsweapons:moonstone_ore_deepslate":12,"minecraft:deepslate_iron_ore":5,"biomesoplenty:webbing":1,"minecraft:stone":204,"biomesoplenty:spider_egg":1,"minecraft:deepslate_redstone_ore":2,"minecraft:red_bed":5,"minecraft:crafting_table":4,"minecraft:torch":3,"minecraft:tall_grass":4,"minecraft:copper_ore":2,"minecraft:cobblestone":4,"minecraft:diorite":8,"minecraft:wall_torch":4,"epicpaladins:deepslate_cryorium_ore":1,"biomesoplenty:fir_log":8,"minecraft:grass":29,"minecraft:coal_ore":26,"minecraft:oak_log":6,"minecraft:dirt":7,"minecraft:cobweb":1,"minecraft:deepslate":4,"minecraft:fern":1},"minecraft:killed_by":{"minecraft:creeper":1,"minecraft:skeleton":1},"minecraft:dropped":{"minecraft:wheat_seeds":1,"minecraft:golden_helmet":1,"biomesoplenty:lavender":5,"minecraft:feather":6,"minecraft:cobblestone":9,"minecraft:granite":4,"minecraft:coal":18,"minecraft:dirt":29,"minecraft:diorite":7,"minecraft:pumpkin":12,"minecraft:iron_pickaxe":1,"minecraft:string":12,"minecraft:gold_ingot":1,"minecraft:bone":8,"minecraft:iron_nugget":8,"minecraft:stone_sword":1,"minecraft:rotten_flesh":23,"soulsweapons:sting":1,"biomesoplenty:white_petals":48,"biomesoplenty:fir_planks":2,"minecraft:andesite":36,"minecraft:arrow":3,"minecraft:stone_pickaxe":2,"minecraft:wooden_pickaxe":2,"naturalist:duck":1},"minecraft:killed":{"minecraft:spider":11,"minecraft:skeleton":8,"minecraft:pig":7,"naturalist:bear":1,"naturalist:bluejay":3,"minecraft:creeper":1,"minecraft:sheep":2,"minecraft:zombie":27,"minecraft:cow":4,"minecraft:enderman":1},"minecraft:picked_up":{"minecraft:crafting_table":4,"minecraft:wooden_pickaxe":1,"soulsweapons:moonstone":15,"minecraft:brewing_stand":1,"minecraft:shield":1,"minecraft:string":11,"minecraft:red_bed":4,"soulsweapons:sting":1,"minecraft:cobbled_deepslate":5,"biomesoplenty:fir_planks":1,"minecraft:beef":11,"minecraft:iron_nugget":4,"minecraft:iron_pickaxe":1,"minecraft:light_gray_wool":1,"minecraft:egg":1,"minecraft:furnace":1,"minecraft:golden_helmet":1,"minecraft:stick":1,"minecraft:raw_iron":6,"naturalist:duck":1,"minecraft:stone":2,"minecraft:torch":7,"minecraft:porkchop":14,"minecraft:cherry_log":10,"tombstone:grave_dust":6,"minecraft:diorite":7,"minecraft:redstone":8,"minecraft:rotten_flesh":25,"minecraft:arrow":3,"epicpaladins:cryorium_gem":1,"biomesoplenty:white_petals":48,"minecraft:mutton":4,"minecraft:white_wool":1,"minecraft:cobblestone":206,"biomesoplenty:lavender":5,"minecraft:feather":6,"minecraft:andesite":37,"minecraft:potato":1,"biomesoplenty:fir_log":8,"minecraft:oak_log":5,"minecraft:gunpowder":2,"minecraft:dirt":89,"tombstone:gift":1,"minecraft:bone":8,"minecraft:wheat_seeds":2,"minecraft:stone_pickaxe":1,"minecraft:iron_sword":1,"biomesoplenty:toadstool":1,"minecraft:pumpkin":18,"minecraft:spider_eye":2,"minecraft:coal_ore":5,"minecraft:deepslate":1,"minecraft:diamond":4,"minecraft:granite":4,"soulsweapons:verglas":1,"minecraft:bread":1,"minecraft:baked_potato":16,"minecraft:coal":19,"minecraft:ender_pearl":1},"minecraft:used":{"soulsweapons:sting":169,"minecraft:stone_sword":76,"minecraft:shield":20,"minecraft:stone":2,"minecraft:iron_sword":9,"minecraft:oak_door":1,"minecraft:torch":10,"minecraft:dirt":57,"minecraft:coal_ore":5,"minecraft:furnace":2,"tombstone:gift":2,"minecraft:egg":1,"minecraft:cooked_beef":11,"minecraft:potato":9,"minecraft:pumpkin":6,"minecraft:stone_pickaxe":174,"minecraft:baked_potato":12,"minecraft:wooden_pickaxe":45,"minecraft:golden_hoe":2,"soulsweapons:bluemoon_shortsword":79,"minecraft:crafting_table":8,"minecraft:red_bed":4,"minecraft:bread":1,"minecraft:iron_pickaxe":119,"biomesoplenty:toadstool":1,"minecraft:cobblestone":154,"minecraft:cooked_porkchop":8,"minecraft:andesite":1,"minecraft:golden_pickaxe":15},"minecraft:crafted":{"minecraft:oak_door":3,"minecraft:oak_planks":16,"minecraft:furnace":1,"minecraft:flint_and_steel":1,"tombstone:grave_key":1,"minecraft:stone_pickaxe":2,"minecraft:golden_helmet":2,"minecraft:cooked_beef":11,"soulsweapons:bluemoon_shortsword":1,"minecraft:cooked_porkchop":8,"minecraft:crafting_table":4,"minecraft:wooden_pickaxe":1,"minecraft:oak_wood":3,"biomesoplenty:fir_planks":16,"minecraft:stick":12,"minecraft:iron_ingot":6,"minecraft:iron_pickaxe":1,"minecraft:stone_sword":1,"minecraft:gold_ingot":11,"minecraft:torch":4},"minecraft:custom":{"minecraft:mob_kills":70,"minecraft:interact_with_crafting_table":36,"minecraft:time_since_death":76758,"minecraft:sprint_one_cm":659412,"minecraft:walk_one_cm":628209,"minecraft:damage_blocked_by_shield":820,"minecraft:drop":46,"minecraft:talked_to_villager":12,"minecraft:play_time":146941,"minecraft:deaths":4,"minecraft:sneak_time":1156,"minecraft:walk_under_water_one_cm":12586,"minecraft:jump":2153,"minecraft:total_world_time":146941,"minecraft:walk_on_water_one_cm":27056,"minecraft:interact_with_furnace":11,"minecraft:sleep_in_bed":4,"minecraft:time_since_rest":75885,"minecraft:damage_taken":3351,"minecraft:damage_dealt":12072,"minecraft:swim_one_cm":14592,"minecraft:fly_one_cm":234607,"minecraft:open_chest":3,"minecraft:crouch_one_cm":4827,"tombstone:undead_killed":35,"minecraft:interact_with_smoker":1,"minecraft:fall_one_cm":52956,"minecraft:horse_one_cm":3149}},"DataVersion":3465}