{"stats":{"minecraft:mined":{"minecraft:red_bed":5,"minecraft:cherry_log":11,"minecraft:brewing_stand":1,"minecraft:glow_lichen":1,"minecraft:crafting_table":3,"minecraft:torch":1,"biomesoplenty:white_petals":9,"minecraft:wall_torch":3,"minecraft:furnace":1,"biomesoplenty:toadstool":1,"minecraft:andesite":1,"minecraft:pumpkin":6,"biomesoplenty:fir_log":8,"minecraft:grass":12,"minecraft:coal_ore":17,"biomesoplenty:webbing":1,"minecraft:cobweb":1,"biomesoplenty:spider_egg":1,"minecraft:stone":30,"minecraft:fern":1},"minecraft:killed_by":{"minecraft:creeper":1},"minecraft:dropped":{"minecraft:wheat_seeds":1,"minecraft:dirt":29,"biomesoplenty:fir_planks":1},"minecraft:killed":{"minecraft:pig":4,"naturalist:bear":1,"naturalist:bluejay":3,"minecraft:spider":3,"minecraft:cow":4},"minecraft:used":{"minecraft:stone_sword":76,"minecraft:stone_pickaxe":28,"minecraft:wooden_pickaxe":45,"minecraft:torch":4,"minecraft:dirt":27,"minecraft:crafting_table":4,"minecraft:red_bed":4,"minecraft:coal_ore":5,"minecraft:bread":1,"biomesoplenty:toadstool":1,"minecraft:furnace":1,"minecraft:cooked_porkchop":4,"minecraft:egg":1,"minecraft:cooked_beef":3,"minecraft:golden_pickaxe":7},"minecraft:picked_up":{"minecraft:crafting_table":3,"minecraft:feather":2,"minecraft:andesite":1,"biomesoplenty:fir_log":8,"minecraft:brewing_stand":1,"minecraft:shield":1,"minecraft:red_bed":4,"minecraft:dirt":84,"minecraft:string":6,"soulsweapons:sting":1,"minecraft:wheat_seeds":1,"biomesoplenty:fir_planks":1,"minecraft:beef":11,"minecraft:iron_pickaxe":1,"minecraft:iron_sword":1,"minecraft:furnace":1,"minecraft:egg":1,"biomesoplenty:toadstool":1,"minecraft:pumpkin":6,"minecraft:torch":4,"minecraft:porkchop":8,"minecraft:cherry_log":10,"minecraft:coal_ore":5,"minecraft:bread":1,"biomesoplenty:white_petals":24,"minecraft:coal":11,"minecraft:cobblestone":33},"minecraft:crafted":{"minecraft:cooked_beef":11,"minecraft:cooked_porkchop":8,"minecraft:crafting_table":2,"minecraft:wooden_pickaxe":1,"minecraft:furnace":1,"minecraft:flint_and_steel":1,"biomesoplenty:fir_planks":16,"minecraft:stick":8,"minecraft:iron_ingot":1,"minecraft:stone_pickaxe":1,"minecraft:stone_sword":1,"minecraft:gold_ingot":11,"minecraft:torch":4,"minecraft:golden_helmet":1},"minecraft:custom":{"minecraft:interact_with_furnace":7,"minecraft:mob_kills":16,"minecraft:interact_with_crafting_table":17,"minecraft:time_since_death":13744,"minecraft:sleep_in_bed":4,"minecraft:time_since_rest":11345,"minecraft:sprint_one_cm":324851,"minecraft:damage_taken":1342,"minecraft:walk_one_cm":265175,"minecraft:drop":3,"minecraft:damage_dealt":2043,"minecraft:talked_to_villager":12,"minecraft:swim_one_cm":8308,"minecraft:fly_one_cm":102700,"minecraft:open_chest":2,"minecraft:crouch_one_cm":2959,"minecraft:play_time":62941,"minecraft:deaths":3,"minecraft:sneak_time":772,"minecraft:walk_under_water_one_cm":6885,"minecraft:jump":862,"minecraft:interact_with_smoker":1,"minecraft:walk_on_water_one_cm":10500,"minecraft:total_world_time":62941,"minecraft:fall_one_cm":21514,"minecraft:horse_one_cm":3149}},"DataVersion":3465}