{"stats":{"minecraft:killed_by":{"minecraft:creeper":2,"minecraft:skeleton":2},"minecraft:killed":{"minecraft:spider":12,"naturalist:coral_snake":1,"minecraft:skeleton":15,"minecraft:pig":12,"naturalist:bear":1,"naturalist:bluejay":3,"minecraft:creeper":1,"minecraft:sheep":7,"minecraft:zombie":34,"minecraft:cow":10,"minecraft:enderman":2},"minecraft:crafted":{"minecraft:oak_door":3,"minecraft:oak_planks":348,"usefulbackpacks:backpack_small":1,"minecraft:furnace":3,"tombstone:ankh_of_prayer":1,"minecraft:cooked_mutton":10,"minecraft:flint_and_steel":1,"minecraft:glass":52,"minecraft:diamond_leggings":1,"minecraft:iron_axe":2,"tombstone:grave_key":1,"minecraft:stone_pickaxe":2,"minecraft:chest":2,"usefulbackpacks:backpack_medium":1,"soulsweapons:moonstone_pickaxe":1,"minecraft:golden_helmet":2,"minecraft:cooked_beef":38,"soulsweapons:bluemoon_shortsword":1,"biomesoplenty:jacaranda_planks":306,"minecraft:cooked_porkchop":25,"minecraft:crafting_table":6,"minecraft:wooden_pickaxe":1,"minecraft:oak_wood":6,"rechiseled:chisel":1,"biomesoplenty:fir_planks":16,"minecraft:stick":44,"minecraft:iron_ingot":34,"minecraft:iron_pickaxe":2,"minecraft:stone_sword":1,"minecraft:iron_shovel":4,"minecraft:gold_ingot":12,"minecraft:white_bed":1,"minecraft:torch":4,"minecraft:shears":1},"minecraft:dropped":{"minecraft:wheat_seeds":41,"minecraft:golden_helmet":1,"minecraft:cooked_porkchop":9,"minecraft:pitcher_pod":3,"biomesoplenty:lavender":481,"minecraft:feather":6,"minecraft:cobblestone":9,"minecraft:granite":26,"minecraft:coal":18,"minecraft:dirt":325,"minecraft:diorite":13,"minecraft:torch":1,"minecraft:pumpkin":12,"minecraft:iron_pickaxe":1,"minecraft:string":14,"minecraft:white_wool":1,"minecraft:gold_ingot":1,"minecraft:bone":8,"minecraft:oak_door":15,"minecraft:gravel":1,"minecraft:iron_nugget":8,"minecraft:stone_sword":1,"minecraft:cobbled_deepslate":3,"minecraft:deepslate":1,"minecraft:rotten_flesh":36,"soulsweapons:sting":1,"minecraft:light_gray_wool":1,"minecraft:cooked_mutton":1,"biomesoplenty:white_petals":48,"minecraft:carrot":1,"minecraft:flint_and_steel":1,"biomesoplenty:fir_planks":2,"minecraft:andesite":36,"minecraft:beetroot_seeds":3,"minecraft:bow":3,"minecraft:arrow":17,"minecraft:wooden_pickaxe":2,"minecraft:beef":1,"minecraft:stone_pickaxe":3,"biomesoplenty:tall_lavender":11,"naturalist:duck":1},"minecraft:broken":{"minecraft:golden_helmet":1,"minecraft:iron_shovel":3,"minecraft:golden_boots":1,"minecraft:leather_leggings":1,"minecraft:golden_pickaxe":1,"minecraft:golden_chestplate":1},"minecraft:used":{"soulsweapons:sting":169,"minecraft:stone_sword":76,"rechiseled:oak_planks_bricks":1,"minecraft:iron_shovel":836,"minecraft:chest":4,"minecraft:shield":37,"minecraft:stone":2,"minecraft:iron_sword":9,"minecraft:grass":3,"minecraft:oak_door":2,"minecraft:torch":11,"minecraft:brewing_stand":1,"minecraft:dirt":361,"minecraft:carrot":2,"minecraft:oak_wood":3,"rechiseled:oak_planks_large_tiles":2,"minecraft:coal_ore":5,"minecraft:iron_axe":331,"biomesoplenty:tall_lavender":3,"minecraft:furnace":5,"tombstone:gift":8,"minecraft:cooked_beef":13,"minecraft:egg":21,"minecraft:potato":9,"minecraft:cobbled_deepslate":62,"minecraft:pumpkin":6,"minecraft:cooked_mutton":5,"biomesoplenty:jacaranda_door":2,"minecraft:diorite":3,"minecraft:baked_potato":14,"minecraft:oak_planks":128,"minecraft:stone_pickaxe":220,"minecraft:wooden_pickaxe":45,"soulsweapons:moonstone_pickaxe":569,"biomesoplenty:lavender":4,"biomesoplenty:flowering_oak_sapling":1,"tombstone:scroll_of_true_sight":1,"minecraft:golden_hoe":14,"minecraft:sand":8,"soulsweapons:bluemoon_shortsword":193,"minecraft:crafting_table":10,"minecraft:red_bed":4,"minecraft:white_bed":2,"minecraft:shears":12,"biomesoplenty:jacaranda_planks":340,"tombstone:bag_of_seeds":2,"minecraft:oak_log":6,"minecraft:bread":5,"minecraft:iron_pickaxe":257,"biomesoplenty:toadstool":1,"minecraft:cobblestone":375,"tombstone:ankh_of_prayer":10,"minecraft:cooked_porkchop":21,"minecraft:andesite":17,"minecraft:golden_pickaxe":32,"biomesoplenty:jacaranda_leaves":1,"biomesoplenty:flowering_oak_leaves":1},"minecraft:picked_up":{"minecraft:crafting_table":5,"minecraft:wooden_pickaxe":1,"soulsweapons:moonstone":19,"biomesoplenty:jacaranda_sapling":1,"rechiseled:oak_planks_bricks":1,"minecraft:brewing_stand":1,"minecraft:shield":1,"minecraft:red_bed":4,"minecraft:string":16,"minecraft:flint_and_steel":1,"biomesoplenty:tall_lavender":17,"soulsweapons:sting":1,"minecraft:cobbled_deepslate":70,"biomesoplenty:fir_planks":1,"minecraft:beef":27,"minecraft:iron_nugget":4,"minecraft:iron_pickaxe":1,"minecraft:light_gray_wool":1,"minecraft:chest":2,"minecraft:furnace":2,"minecraft:egg":21,"minecraft:golden_helmet":1,"minecraft:stick":1,"minecraft:raw_iron":29,"naturalist:duck":1,"minecraft:stone":2,"minecraft:oak_door":14,"minecraft:torch":8,"minecraft:porkchop":25,"minecraft:cherry_log":10,"tombstone:grave_dust":8,"minecraft:diorite":52,"minecraft:carrot":2,"minecraft:redstone":8,"minecraft:arrow":16,"minecraft:rotten_flesh":36,"epicpaladins:cryorium_gem":2,"biomesoplenty:jacaranda_log":82,"biomesoplenty:white_petals":48,"minecraft:mutton":10,"minecraft:white_wool":29,"minecraft:cobblestone":577,"biomesoplenty:lavender":455,"minecraft:feather":6,"biomesoplenty:flowering_oak_leaves":1,"minecraft:andesite":53,"minecraft:leather":8,"minecraft:potato":1,"biomesoplenty:jacaranda_door":2,"biomesoplenty:fir_log":8,"minecraft:oak_log":102,"biomesoplenty:jacaranda_planks":131,"minecraft:gunpowder":4,"minecraft:lapis_lazuli":83,"minecraft:dirt":1012,"tombstone:gift":2,"minecraft:bone":18,"minecraft:bow":3,"minecraft:wheat_seeds":53,"minecraft:stone_pickaxe":1,"tombstone:bag_of_seeds":1,"minecraft:oak_planks":25,"minecraft:iron_sword":1,"biomesoplenty:toadstool":1,"minecraft:cooked_porkchop":9,"minecraft:pumpkin":18,"minecraft:gravel":2,"minecraft:sand":260,"minecraft:white_bed":1,"biomesoplenty:jacaranda_leaves":1,"rechiseled:oak_planks_large_tiles":2,"minecraft:spider_eye":3,"biomesoplenty:flowering_oak_sapling":1,"tombstone:scroll_of_true_sight":1,"minecraft:bundle":1,"minecraft:oak_wood":3,"minecraft:coal_ore":5,"minecraft:diamond":7,"minecraft:deepslate":1,"minecraft:granite":42,"minecraft:grass":3,"minecraft:gray_wool":4,"soulsweapons:verglas":2,"minecraft:bread":5,"minecraft:baked_potato":16,"minecraft:coal":59,"minecraft:ender_pearl":1},"minecraft:mined":{"minecraft:diamond_ore":1,"minecraft:tuff":1,"minecraft:white_bed":1,"minecraft:deepslate_diamond_ore":6,"minecraft:oak_door":2,"minecraft:cherry_log":11,"minecraft:brewing_stand":1,"minecraft:glow_lichen":3,"minecraft:granite":41,"minecraft:grass_block":225,"biomesoplenty:flowering_oak_leaves":3,"biomesoplenty:white_petals":9,"biomesoplenty:jacaranda_log":84,"biomesoplenty:tall_lavender":15,"minecraft:furnace":2,"biomesoplenty:toadstool":1,"minecraft:cobbled_deepslate":1,"minecraft:iron_ore":10,"biomesoplenty:lavender":449,"minecraft:andesite":34,"minecraft:pumpkin":8,"minecraft:deepslate_lapis_ore":7,"biomesoplenty:hanging_cobweb":2,"soulsweapons:moonstone_ore_deepslate":16,"minecraft:deepslate_iron_ore":18,"biomesoplenty:webbing":4,"biomesoplenty:jacaranda_door":1,"biomesoplenty:spider_egg":1,"minecraft:stone":531,"biomesoplenty:jacaranda_leaves":1,"minecraft:deepslate_redstone_ore":2,"biomesoplenty:jacaranda_planks":131,"soulsweapons:verglas_ore_deepslate":1,"minecraft:red_bed":5,"rechiseled:oak_planks_bricks":1,"minecraft:crafting_table":5,"minecraft:torch":4,"minecraft:oak_wood":3,"minecraft:chest":2,"minecraft:tall_grass":31,"minecraft:copper_ore":2,"minecraft:cobblestone":53,"minecraft:deepslate_coal_ore":3,"minecraft:lapis_ore":5,"minecraft:oak_planks":25,"minecraft:diorite":51,"minecraft:wall_torch":4,"epicpaladins:deepslate_cryorium_ore":2,"biomesoplenty:fir_log":8,"minecraft:grass":411,"minecraft:oak_log":106,"minecraft:coal_ore":63,"minecraft:gravel":1,"minecraft:sand":261,"minecraft:dirt":544,"minecraft:cobweb":6,"rechiseled:oak_planks_large_tiles":2,"minecraft:oak_leaves":10,"minecraft:deepslate":65,"minecraft:fern":1},"minecraft:custom":{"minecraft:mob_kills":104,"minecraft:interact_with_crafting_table":92,"minecraft:leave_game":1,"minecraft:time_since_death":132452,"minecraft:sprint_one_cm":1145768,"minecraft:walk_one_cm":1355358,"minecraft:damage_blocked_by_shield":1550,"minecraft:drop":145,"minecraft:talked_to_villager":12,"minecraft:play_time":363398,"minecraft:sneak_time":1775,"minecraft:deaths":6,"minecraft:walk_under_water_one_cm":35537,"minecraft:jump":4316,"minecraft:interact_with_brewingstand":3,"minecraft:walk_on_water_one_cm":61802,"minecraft:total_world_time":363398,"minecraft:interact_with_furnace":72,"minecraft:sleep_in_bed":16,"minecraft:time_since_rest":11539,"minecraft:damage_taken":5259,"minecraft:damage_dealt":16376,"tombstone:cast_on_ally":2,"minecraft:swim_one_cm":26143,"minecraft:fly_one_cm":695994,"minecraft:open_chest":110,"minecraft:crouch_one_cm":6874,"tombstone:undead_killed":49,"minecraft:interact_with_smoker":1,"minecraft:fall_one_cm":94777,"minecraft:horse_one_cm":3149}},"DataVersion":3465}