{"stats":{"minecraft:mined":{"minecraft:red_bed":3,"biomesoplenty:toadstool":1,"minecraft:cherry_log":5,"minecraft:andesite":1,"minecraft:torch":1,"minecraft:pumpkin":6,"minecraft:crafting_table":1,"biomesoplenty:fir_log":8,"minecraft:grass":11,"minecraft:coal_ore":12,"biomesoplenty:white_petals":6,"minecraft:stone":11,"minecraft:wall_torch":3,"minecraft:fern":1},"minecraft:dropped":{"biomesoplenty:fir_planks":1,"minecraft:wheat_seeds":1},"minecraft:killed":{"minecraft:pig":4,"naturalist:bear":1,"naturalist:bluejay":3,"minecraft:spider":3},"minecraft:used":{"minecraft:stone_sword":61,"minecraft:bread":1,"minecraft:stone_pickaxe":8,"minecraft:wooden_pickaxe":26,"biomesoplenty:toadstool":1,"minecraft:torch":4,"minecraft:crafting_table":3,"minecraft:furnace":1,"minecraft:red_bed":2,"minecraft:golden_pickaxe":6},"minecraft:picked_up":{"biomesoplenty:toadstool":1,"minecraft:crafting_table":1,"minecraft:feather":2,"minecraft:pumpkin":6,"minecraft:andesite":1,"minecraft:torch":4,"biomesoplenty:fir_log":8,"minecraft:porkchop":8,"minecraft:cherry_log":5,"minecraft:string":5,"minecraft:dirt":29,"minecraft:red_bed":3,"minecraft:coal_ore":5,"minecraft:wheat_seeds":1,"biomesoplenty:fir_planks":1,"biomesoplenty:white_petals":21,"minecraft:bread":1,"minecraft:coal":6,"minecraft:cobblestone":13},"minecraft:crafted":{"biomesoplenty:fir_planks":16,"minecraft:crafting_table":2,"minecraft:stick":8,"minecraft:iron_ingot":1,"minecraft:wooden_pickaxe":1,"minecraft:stone_pickaxe":1,"minecraft:stone_sword":1,"minecraft:furnace":1,"minecraft:torch":4,"minecraft:flint_and_steel":1},"minecraft:custom":{"minecraft:time_since_rest":8100,"minecraft:interact_with_furnace":2,"minecraft:sprint_one_cm":86858,"minecraft:damage_taken":168,"minecraft:walk_one_cm":150646,"minecraft:mob_kills":12,"minecraft:drop":2,"minecraft:damage_dealt":1483,"minecraft:interact_with_crafting_table":6,"minecraft:fly_one_cm":18192,"minecraft:open_chest":1,"minecraft:crouch_one_cm":2559,"minecraft:play_time":26941,"minecraft:sneak_time":719,"minecraft:walk_under_water_one_cm":920,"minecraft:jump":296,"minecraft:time_since_death":26941,"minecraft:walk_on_water_one_cm":683,"minecraft:sleep_in_bed":2,"minecraft:total_world_time":26941,"minecraft:fall_one_cm":4219}},"DataVersion":3465}