{"stats":{"minecraft:killed_by":{"minecraft:creeper":1,"minecraft:skeleton":1},"minecraft:killed":{"minecraft:spider":12,"minecraft:skeleton":11,"minecraft:pig":11,"naturalist:bear":1,"naturalist:bluejay":3,"minecraft:creeper":1,"minecraft:sheep":7,"minecraft:zombie":33,"minecraft:cow":5,"minecraft:enderman":2},"minecraft:crafted":{"minecraft:oak_door":3,"minecraft:oak_planks":52,"minecraft:furnace":3,"tombstone:ankh_of_prayer":1,"minecraft:cooked_mutton":10,"minecraft:flint_and_steel":1,"tombstone:grave_key":1,"minecraft:stone_pickaxe":2,"minecraft:chest":2,"soulsweapons:moonstone_pickaxe":1,"minecraft:golden_helmet":2,"minecraft:cooked_beef":24,"soulsweapons:bluemoon_shortsword":1,"biomesoplenty:jacaranda_planks":20,"minecraft:cooked_porkchop":22,"minecraft:crafting_table":5,"minecraft:wooden_pickaxe":1,"minecraft:oak_wood":3,"biomesoplenty:fir_planks":16,"minecraft:stick":20,"minecraft:iron_ingot":11,"minecraft:iron_pickaxe":2,"minecraft:stone_sword":1,"minecraft:gold_ingot":12,"minecraft:white_bed":1,"minecraft:torch":4,"minecraft:shears":1},"minecraft:dropped":{"minecraft:wheat_seeds":12,"minecraft:golden_helmet":1,"minecraft:cooked_porkchop":9,"biomesoplenty:lavender":172,"minecraft:feather":6,"minecraft:cobblestone":9,"minecraft:granite":4,"minecraft:coal":18,"minecraft:dirt":47,"minecraft:diorite":7,"minecraft:torch":1,"minecraft:pumpkin":12,"minecraft:iron_pickaxe":1,"minecraft:string":12,"minecraft:white_wool":1,"minecraft:gold_ingot":1,"minecraft:bone":8,"minecraft:oak_door":15,"minecraft:iron_nugget":8,"minecraft:stone_sword":1,"minecraft:cobbled_deepslate":3,"minecraft:deepslate":1,"minecraft:rotten_flesh":31,"soulsweapons:sting":1,"minecraft:light_gray_wool":1,"biomesoplenty:white_petals":48,"minecraft:flint_and_steel":1,"biomesoplenty:fir_planks":2,"minecraft:andesite":36,"minecraft:arrow":7,"minecraft:wooden_pickaxe":2,"minecraft:beef":1,"minecraft:stone_pickaxe":3,"biomesoplenty:tall_lavender":4,"naturalist:duck":1},"minecraft:broken":{"minecraft:golden_boots":1,"minecraft:leather_leggings":1,"minecraft:golden_pickaxe":1},"minecraft:used":{"soulsweapons:sting":169,"minecraft:stone_sword":76,"minecraft:chest":2,"minecraft:shield":25,"minecraft:stone":2,"minecraft:iron_sword":9,"minecraft:oak_door":2,"minecraft:torch":10,"minecraft:brewing_stand":1,"minecraft:dirt":78,"minecraft:coal_ore":5,"biomesoplenty:tall_lavender":3,"minecraft:furnace":4,"tombstone:gift":6,"minecraft:cooked_beef":11,"minecraft:egg":10,"minecraft:potato":9,"minecraft:cobbled_deepslate":2,"minecraft:pumpkin":6,"minecraft:cooked_mutton":4,"biomesoplenty:jacaranda_door":2,"minecraft:diorite":3,"minecraft:baked_potato":12,"minecraft:oak_planks":7,"minecraft:stone_pickaxe":220,"minecraft:wooden_pickaxe":45,"soulsweapons:moonstone_pickaxe":55,"biomesoplenty:lavender":1,"biomesoplenty:flowering_oak_sapling":1,"tombstone:scroll_of_true_sight":1,"minecraft:golden_hoe":5,"soulsweapons:bluemoon_shortsword":161,"minecraft:crafting_table":9,"minecraft:red_bed":4,"minecraft:white_bed":1,"minecraft:oak_log":5,"minecraft:bread":5,"minecraft:iron_pickaxe":254,"biomesoplenty:toadstool":1,"minecraft:cobblestone":310,"tombstone:ankh_of_prayer":10,"minecraft:cooked_porkchop":14,"minecraft:andesite":1,"minecraft:golden_pickaxe":32,"biomesoplenty:jacaranda_leaves":1},"minecraft:picked_up":{"minecraft:crafting_table":4,"minecraft:wooden_pickaxe":1,"soulsweapons:moonstone":15,"minecraft:brewing_stand":1,"minecraft:shield":1,"minecraft:red_bed":4,"minecraft:string":11,"minecraft:flint_and_steel":1,"biomesoplenty:tall_lavender":7,"soulsweapons:sting":1,"minecraft:cobbled_deepslate":12,"biomesoplenty:fir_planks":1,"minecraft:beef":16,"minecraft:iron_nugget":4,"minecraft:iron_pickaxe":1,"minecraft:light_gray_wool":1,"minecraft:furnace":1,"minecraft:egg":10,"minecraft:golden_helmet":1,"minecraft:stick":1,"minecraft:raw_iron":26,"naturalist:duck":1,"minecraft:stone":2,"minecraft:oak_door":14,"minecraft:torch":7,"minecraft:porkchop":22,"minecraft:cherry_log":10,"tombstone:grave_dust":8,"minecraft:diorite":10,"minecraft:carrot":1,"minecraft:redstone":8,"minecraft:arrow":7,"minecraft:rotten_flesh":33,"epicpaladins:cryorium_gem":1,"biomesoplenty:jacaranda_log":8,"biomesoplenty:white_petals":48,"minecraft:mutton":10,"minecraft:white_wool":8,"minecraft:cobblestone":354,"biomesoplenty:lavender":137,"minecraft:feather":6,"minecraft:andesite":37,"minecraft:leather":1,"minecraft:potato":1,"biomesoplenty:jacaranda_door":2,"biomesoplenty:fir_log":8,"minecraft:oak_log":21,"minecraft:gunpowder":2,"minecraft:lapis_lazuli":53,"minecraft:dirt":142,"tombstone:gift":2,"minecraft:bone":11,"minecraft:wheat_seeds":23,"minecraft:stone_pickaxe":1,"minecraft:iron_sword":1,"biomesoplenty:toadstool":1,"minecraft:cooked_porkchop":9,"minecraft:pumpkin":18,"biomesoplenty:jacaranda_leaves":1,"minecraft:spider_eye":3,"biomesoplenty:flowering_oak_sapling":1,"tombstone:scroll_of_true_sight":1,"minecraft:bundle":1,"minecraft:coal_ore":5,"minecraft:diamond":5,"minecraft:deepslate":1,"minecraft:granite":4,"minecraft:gray_wool":1,"soulsweapons:verglas":1,"minecraft:bread":5,"minecraft:baked_potato":16,"minecraft:coal":37,"minecraft:ender_pearl":1},"minecraft:mined":{"minecraft:tuff":1,"minecraft:deepslate_diamond_ore":4,"minecraft:oak_door":2,"minecraft:cherry_log":11,"minecraft:brewing_stand":1,"minecraft:glow_lichen":2,"minecraft:granite":4,"minecraft:grass_block":4,"biomesoplenty:white_petals":9,"biomesoplenty:jacaranda_log":8,"biomesoplenty:tall_lavender":5,"minecraft:furnace":1,"biomesoplenty:toadstool":1,"minecraft:iron_ore":7,"biomesoplenty:lavender":129,"minecraft:andesite":18,"minecraft:pumpkin":8,"minecraft:deepslate_lapis_ore":3,"biomesoplenty:hanging_cobweb":2,"soulsweapons:moonstone_ore_deepslate":12,"minecraft:deepslate_iron_ore":18,"biomesoplenty:webbing":4,"biomesoplenty:jacaranda_door":1,"biomesoplenty:spider_egg":1,"minecraft:stone":314,"biomesoplenty:jacaranda_leaves":1,"minecraft:deepslate_redstone_ore":2,"minecraft:red_bed":5,"minecraft:crafting_table":4,"minecraft:torch":3,"minecraft:tall_grass":19,"minecraft:copper_ore":2,"minecraft:cobblestone":48,"minecraft:deepslate_coal_ore":3,"minecraft:lapis_ore":5,"minecraft:diorite":9,"minecraft:wall_torch":4,"epicpaladins:deepslate_cryorium_ore":1,"biomesoplenty:fir_log":8,"minecraft:grass":129,"minecraft:oak_log":22,"minecraft:coal_ore":41,"minecraft:dirt":11,"minecraft:cobweb":1,"minecraft:oak_leaves":1,"minecraft:deepslate":6,"minecraft:fern":1},"minecraft:custom":{"minecraft:mob_kills":91,"minecraft:interact_with_crafting_table":74,"minecraft:leave_game":1,"minecraft:time_since_death":155215,"minecraft:sprint_one_cm":840771,"minecraft:walk_one_cm":848914,"minecraft:damage_blocked_by_shield":1140,"minecraft:drop":77,"minecraft:talked_to_villager":12,"minecraft:play_time":225398,"minecraft:sneak_time":1700,"minecraft:deaths":4,"minecraft:walk_under_water_one_cm":12769,"minecraft:jump":2902,"minecraft:interact_with_brewingstand":1,"minecraft:walk_on_water_one_cm":30901,"minecraft:total_world_time":225398,"minecraft:interact_with_furnace":50,"minecraft:sleep_in_bed":7,"minecraft:time_since_rest":15838,"minecraft:damage_taken":4100,"minecraft:damage_dealt":14867,"tombstone:cast_on_ally":2,"minecraft:swim_one_cm":15598,"minecraft:fly_one_cm":394460,"minecraft:open_chest":67,"minecraft:crouch_one_cm":6318,"tombstone:undead_killed":44,"minecraft:interact_with_smoker":1,"minecraft:fall_one_cm":70602,"minecraft:horse_one_cm":3149}},"DataVersion":3465}