{"stats":{"minecraft:killed":{"minecraft:spider":15,"minecraft:skeleton":22,"naturalist:coral_snake":1,"minecraft:pig":12,"naturalist:bear":1,"naturalist:bluejay":3,"naturalist:firefly":2,"minecraft:creeper":2,"minecraft:sheep":7,"minecraft:zombie":50,"minecraft:glow_squid":1,"minecraft:enderman":2,"minecraft:cow":11},"minecraft:dropped":{"usefulbackpacks:backpack_medium":2,"minecraft:wheat_seeds":41,"minecraft:golden_helmet":1,"minecraft:cooked_porkchop":9,"minecraft:pitcher_pod":3,"biomesoplenty:lavender":493,"minecraft:feather":6,"minecraft:cobblestone":9,"minecraft:granite":33,"biomesoplenty:jacaranda_planks":1,"minecraft:coal":18,"minecraft:dirt":325,"minecraft:diorite":13,"minecraft:torch":1,"minecraft:cornflower":1,"minecraft:pumpkin":12,"minecraft:iron_pickaxe":1,"minecraft:string":14,"minecraft:white_wool":1,"minecraft:gold_ingot":1,"minecraft:bone":8,"minecraft:oak_door":15,"minecraft:gravel":1,"minecraft:iron_nugget":71,"minecraft:stone_sword":1,"minecraft:cobbled_deepslate":3,"minecraft:deepslate":1,"minecraft:rotten_flesh":40,"soulsweapons:sting":1,"minecraft:light_gray_wool":1,"minecraft:cooked_mutton":1,"biomesoplenty:white_petals":48,"minecraft:carrot":1,"minecraft:flint_and_steel":1,"biomesoplenty:fir_planks":2,"minecraft:andesite":36,"minecraft:beetroot_seeds":3,"minecraft:bow":3,"minecraft:arrow":23,"minecraft:beef":1,"minecraft:stone_pickaxe":3,"minecraft:wooden_pickaxe":2,"biomesoplenty:tall_lavender":16,"naturalist:duck":1},"minecraft:mined":{"minecraft:diamond_ore":1,"minecraft:tuff":14,"minecraft:white_bed":4,"minecraft:deepslate_diamond_ore":15,"minecraft:oak_door":2,"minecraft:cherry_log":11,"minecraft:brewing_stand":1,"minecraft:glow_lichen":4,"minecraft:granite":53,"minecraft:grass_block":288,"biomesoplenty:flowering_oak_leaves":3,"biomesoplenty:white_petals":9,"biomesoplenty:jacaranda_log":141,"biomesoplenty:tall_lavender":16,"minecraft:furnace":3,"minecraft:carrots":1,"biomesoplenty:toadstool":1,"minecraft:iron_ore":36,"minecraft:cobbled_deepslate":1,"biomesoplenty:lavender":455,"minecraft:andesite":53,"minecraft:pumpkin":8,"minecraft:deepslate_lapis_ore":17,"biomesoplenty:hanging_cobweb":2,"soulsweapons:moonstone_ore_deepslate":52,"minecraft:deepslate_iron_ore":61,"minecraft:oak_stairs":2,"biomesoplenty:webbing":4,"biomesoplenty:jacaranda_door":1,"biomesoplenty:jacaranda_trapdoor":5,"minecraft:stone":636,"biomesoplenty:spider_egg":1,"biomesoplenty:jacaranda_leaves":8,"minecraft:deepslate_redstone_ore":29,"epicpaladins:deepslate_bloodstone_ore":2,"minecraft:red_bed":5,"biomesoplenty:jacaranda_planks":381,"soulsweapons:verglas_ore_deepslate":11,"rechiseled:oak_planks_bricks":1,"minecraft:crafting_table":7,"minecraft:cornflower":1,"minecraft:torch":4,"minecraft:oak_wood":3,"minecraft:chest":12,"minecraft:copper_ore":2,"minecraft:tall_grass":32,"minecraft:glass":14,"minecraft:cobblestone":55,"minecraft:deepslate_coal_ore":3,"minecraft:deepslate_gold_ore":9,"minecraft:lapis_ore":5,"minecraft:oak_planks":26,"minecraft:wall_torch":4,"minecraft:diorite":94,"epicpaladins:bloodstone_ore":1,"minecraft:purple_bed":1,"minecraft:wheat":12,"epicpaladins:deepslate_cryorium_ore":4,"biomesoplenty:fir_log":8,"minecraft:grass":414,"minecraft:coal_ore":107,"minecraft:oak_log":124,"minecraft:gravel":12,"minecraft:dirt":869,"minecraft:sand":261,"minecraft:cobweb":8,"soulsweapons:verglas_ore":1,"minecraft:deepslate":470,"rechiseled:oak_planks_large_tiles":2,"minecraft:oak_leaves":10,"minecraft:fern":1},"minecraft:used":{"soulsweapons:sting":169,"minecraft:stone_sword":76,"rechiseled:oak_planks_bricks":1,"minecraft:iron_shovel":1127,"minecraft:chest":21,"minecraft:shield":42,"minecraft:iron_sword":9,"minecraft:stone":2,"minecraft:grass":3,"minecraft:oak_door":2,"minecraft:torch":11,"minecraft:brewing_stand":1,"minecraft:dirt":727,"minecraft:carrot":2,"minecraft:oak_wood":3,"minecraft:granite":5,"minecraft:glass":121,"rechiseled:oak_planks_large_tiles":2,"minecraft:coal_ore":5,"minecraft:oak_stairs":2,"minecraft:lantern":3,"minecraft:iron_axe":715,"biomesoplenty:tall_lavender":3,"minecraft:furnace":6,"minecraft:egg":21,"minecraft:potato":9,"tombstone:gift":12,"minecraft:cooked_beef":26,"minecraft:cobbled_deepslate":151,"minecraft:pumpkin":6,"minecraft:wheat_seeds":14,"minecraft:cooked_mutton":8,"biomesoplenty:jacaranda_door":2,"minecraft:diorite":11,"minecraft:baked_potato":16,"minecraft:oak_planks":170,"minecraft:stone_pickaxe":220,"minecraft:wooden_pickaxe":45,"tombstone:scroll_of_true_sight":1,"soulsweapons:moonstone_pickaxe":1412,"biomesoplenty:lavender":4,"biomesoplenty:flowering_oak_sapling":1,"elevatorid:elevator_white":1,"soulsweapons:bluemoon_greatsword":99,"minecraft:golden_hoe":14,"minecraft:sand":8,"soulsweapons:bluemoon_shortsword":199,"minecraft:red_bed":4,"minecraft:crafting_table":13,"minecraft:white_bed":6,"minecraft:painting":2,"biomesoplenty:jacaranda_planks":754,"minecraft:shears":12,"tombstone:bag_of_seeds":2,"minecraft:oak_log":12,"biomesoplenty:jacaranda_trapdoor":5,"minecraft:bread":7,"minecraft:iron_pickaxe":257,"minecraft:purple_bed":1,"tombstone:ankh_of_prayer":10,"biomesoplenty:toadstool":1,"minecraft:cobblestone":375,"minecraft:cooked_porkchop":25,"minecraft:andesite":17,"minecraft:golden_pickaxe":32,"biomesoplenty:jacaranda_leaves":1,"biomesoplenty:flowering_oak_leaves":1},"minecraft:broken":{"minecraft:golden_helmet":1,"minecraft:iron_shovel":4,"minecraft:golden_boots":1,"minecraft:leather_leggings":1,"minecraft:iron_axe":1,"minecraft:golden_pickaxe":1,"minecraft:golden_chestplate":1},"minecraft:crafted":{"minecraft:oak_door":3,"minecraft:oak_planks":348,"minecraft:iron_nugget":59,"usefulbackpacks:backpack_small":1,"minecraft:furnace":3,"tombstone:ankh_of_prayer":1,"minecraft:cooked_mutton":10,"minecraft:flint_and_steel":1,"minecraft:glass":244,"minecraft:lantern":5,"minecraft:diamond_leggings":1,"minecraft:iron_axe":3,"tombstone:grave_key":1,"minecraft:stone_pickaxe":2,"minecraft:chest":11,"soulsweapons:moonstone_pickaxe":1,"usefulbackpacks:backpack_medium":1,"biomesoplenty:jacaranda_trapdoor":2,"minecraft:golden_helmet":2,"soulsweapons:bluemoon_greatsword":1,"minecraft:cooked_beef":38,"soulsweapons:bluemoon_shortsword":1,"elevatorid:elevator_white":1,"biomesoplenty:jacaranda_planks":520,"minecraft:cooked_porkchop":25,"minecraft:crafting_table":7,"minecraft:wooden_pickaxe":1,"minecraft:bucket":1,"minecraft:oak_wood":6,"minecraft:painting":1,"biomesoplenty:jacaranda_fence":48,"rechiseled:chisel":1,"biomesoplenty:fir_planks":16,"minecraft:oak_stairs":10,"minecraft:stick":104,"minecraft:iron_ingot":103,"minecraft:iron_pickaxe":2,"minecraft:stone_sword":1,"minecraft:iron_shovel":5,"minecraft:gold_ingot":12,"minecraft:white_bed":1,"minecraft:redstone_torch":8,"minecraft:torch":18,"minecraft:shears":1},"minecraft:custom":{"minecraft:mob_kills":135,"minecraft:interact_with_crafting_table":135,"minecraft:leave_game":2,"minecraft:time_since_death":31382,"minecraft:damage_blocked_by_shield":1750,"minecraft:sprint_one_cm":1446994,"minecraft:walk_one_cm":2196687,"minecraft:drop":184,"minecraft:talked_to_villager":12,"minecraft:play_time":572460,"minecraft:sneak_time":2542,"minecraft:deaths":8,"minecraft:walk_under_water_one_cm":37952,"minecraft:jump":6236,"minecraft:interact_with_brewingstand":4,"minecraft:walk_on_water_one_cm":75516,"minecraft:total_world_time":572460,"minecraft:interact_with_furnace":98,"minecraft:sleep_in_bed":24,"minecraft:time_since_rest":11448,"minecraft:damage_taken":7301,"minecraft:damage_dealt":21411,"tombstone:cast_on_ally":2,"minecraft:swim_one_cm":29106,"minecraft:fly_one_cm":892350,"minecraft:open_chest":303,"minecraft:crouch_one_cm":9227,"tombstone:undead_killed":72,"minecraft:interact_with_smoker":1,"minecraft:fall_one_cm":130501,"minecraft:horse_one_cm":3149},"minecraft:killed_by":{"minecraft:creeper":2,"minecraft:skeleton":3,"minecraft:zombie":1},"minecraft:picked_up":{"minecraft:wheat":11,"minecraft:crafting_table":7,"minecraft:oak_stairs":2,"minecraft:wooden_pickaxe":1,"soulsweapons:moonstone":52,"usefulbackpacks:backpack_medium":2,"biomesoplenty:jacaranda_sapling":5,"rechiseled:oak_planks_bricks":1,"minecraft:brewing_stand":1,"minecraft:shield":1,"minecraft:cornflower":1,"minecraft:string":18,"minecraft:red_bed":4,"epicpaladins:bloodstone_gem":3,"minecraft:flint_and_steel":1,"biomesoplenty:tall_lavender":19,"soulsweapons:sting":1,"minecraft:diamond_leggings":1,"minecraft:cobbled_deepslate":435,"biomesoplenty:fir_planks":1,"minecraft:beef":29,"minecraft:iron_nugget":67,"minecraft:iron_pickaxe":2,"minecraft:light_gray_wool":1,"minecraft:chest":12,"minecraft:furnace":3,"minecraft:egg":26,"minecraft:golden_helmet":1,"minecraft:raw_iron":98,"minecraft:stick":1,"naturalist:duck":1,"minecraft:stone":2,"minecraft:oak_door":14,"minecraft:torch":9,"minecraft:porkchop":25,"minecraft:cherry_log":10,"tombstone:grave_dust":8,"minecraft:diorite":95,"minecraft:carrot":5,"minecraft:redstone":131,"biomesoplenty:jacaranda_trapdoor":5,"minecraft:arrow":22,"minecraft:rotten_flesh":54,"epicpaladins:cryorium_gem":2,"biomesoplenty:jacaranda_log":138,"tombstone:essence_of_undeath":1,"biomesoplenty:white_petals":48,"minecraft:mutton":10,"minecraft:white_wool":29,"minecraft:cobblestone":682,"biomesoplenty:lavender":467,"minecraft:feather":6,"biomesoplenty:flowering_oak_leaves":1,"minecraft:glow_ink_sac":8,"minecraft:andesite":72,"minecraft:leather":10,"minecraft:potato":1,"biomesoplenty:fir_log":8,"biomesoplenty:jacaranda_door":2,"minecraft:tuff":13,"minecraft:oak_log":120,"biomesoplenty:jacaranda_planks":388,"minecraft:gunpowder":4,"minecraft:lapis_lazuli":229,"minecraft:dirt":1398,"tombstone:gift":2,"minecraft:bone":28,"minecraft:bow":4,"minecraft:raw_gold":9,"minecraft:wheat_seeds":88,"minecraft:iron_ingot":9,"minecraft:stone_pickaxe":1,"tombstone:bag_of_seeds":1,"minecraft:iron_sword":1,"minecraft:oak_planks":30,"biomesoplenty:toadstool":1,"minecraft:cooked_porkchop":9,"minecraft:pumpkin":18,"minecraft:gravel":13,"minecraft:sand":260,"minecraft:white_bed":5,"biomesoplenty:jacaranda_leaves":1,"rechiseled:oak_planks_large_tiles":2,"minecraft:spider_eye":5,"biomesoplenty:flowering_oak_sapling":1,"tombstone:scroll_of_true_sight":1,"minecraft:bundle":1,"minecraft:oak_wood":3,"minecraft:purple_bed":1,"minecraft:coal_ore":5,"minecraft:diamond":16,"minecraft:deepslate":1,"minecraft:granite":54,"minecraft:painting":1,"minecraft:grass":3,"minecraft:gray_wool":4,"soulsweapons:verglas":13,"minecraft:bread":5,"minecraft:baked_potato":16,"minecraft:coal":103,"minecraft:ender_pearl":1}},"DataVersion":3465}