{"stats":{"minecraft:mined":{"minecraft:red_bed":4,"minecraft:cherry_log":11,"minecraft:glow_lichen":1,"minecraft:crafting_table":3,"minecraft:torch":1,"biomesoplenty:white_petals":9,"minecraft:wall_torch":3,"minecraft:furnace":1,"biomesoplenty:toadstool":1,"minecraft:andesite":1,"minecraft:pumpkin":6,"biomesoplenty:fir_log":8,"minecraft:grass":12,"minecraft:coal_ore":17,"biomesoplenty:webbing":1,"biomesoplenty:spider_egg":1,"minecraft:stone":30,"minecraft:fern":1},"minecraft:killed_by":{"minecraft:creeper":1},"minecraft:dropped":{"minecraft:wheat_seeds":1,"minecraft:dirt":29,"biomesoplenty:fir_planks":1},"minecraft:killed":{"minecraft:pig":4,"naturalist:bear":1,"naturalist:bluejay":3,"minecraft:spider":3,"minecraft:cow":4},"minecraft:used":{"minecraft:stone_sword":73,"minecraft:stone_pickaxe":27,"minecraft:wooden_pickaxe":45,"minecraft:torch":4,"minecraft:dirt":18,"minecraft:crafting_table":4,"minecraft:red_bed":3,"minecraft:coal_ore":5,"minecraft:bread":1,"biomesoplenty:toadstool":1,"minecraft:furnace":1,"minecraft:cooked_porkchop":3,"minecraft:egg":1,"minecraft:cooked_beef":1,"minecraft:golden_pickaxe":6},"minecraft:picked_up":{"minecraft:crafting_table":3,"minecraft:feather":2,"minecraft:andesite":1,"biomesoplenty:fir_log":8,"minecraft:red_bed":4,"minecraft:dirt":84,"minecraft:string":5,"minecraft:wheat_seeds":1,"biomesoplenty:fir_planks":1,"minecraft:beef":11,"minecraft:furnace":1,"minecraft:egg":1,"biomesoplenty:toadstool":1,"minecraft:pumpkin":6,"minecraft:torch":4,"minecraft:porkchop":8,"minecraft:cherry_log":10,"minecraft:coal_ore":5,"minecraft:bread":1,"biomesoplenty:white_petals":24,"minecraft:coal":11,"minecraft:cobblestone":33},"minecraft:crafted":{"minecraft:cooked_beef":11,"minecraft:cooked_porkchop":8,"minecraft:crafting_table":2,"minecraft:wooden_pickaxe":1,"minecraft:furnace":1,"minecraft:flint_and_steel":1,"biomesoplenty:fir_planks":16,"minecraft:stick":8,"minecraft:iron_ingot":1,"minecraft:stone_pickaxe":1,"minecraft:stone_sword":1,"minecraft:gold_ingot":11,"minecraft:torch":4,"minecraft:golden_helmet":1},"minecraft:custom":{"minecraft:interact_with_furnace":6,"minecraft:mob_kills":16,"minecraft:interact_with_crafting_table":15,"minecraft:time_since_death":1744,"minecraft:sleep_in_bed":4,"minecraft:time_since_rest":1,"minecraft:sprint_one_cm":265356,"minecraft:damage_taken":1106,"minecraft:walk_one_cm":217951,"minecraft:drop":3,"minecraft:damage_dealt":1943,"minecraft:swim_one_cm":7901,"minecraft:fly_one_cm":82783,"minecraft:open_chest":1,"minecraft:crouch_one_cm":2873,"minecraft:play_time":50941,"minecraft:deaths":3,"minecraft:sneak_time":764,"minecraft:walk_under_water_one_cm":1633,"minecraft:jump":631,"minecraft:walk_on_water_one_cm":6809,"minecraft:total_world_time":50941,"minecraft:fall_one_cm":14657}},"DataVersion":3465}