{"stats":{"minecraft:mined":{"minecraft:deepslate_redstone_ore":2,"minecraft:tuff":1,"minecraft:red_bed":5,"minecraft:deepslate_diamond_ore":4,"minecraft:cherry_log":11,"minecraft:brewing_stand":1,"minecraft:glow_lichen":2,"minecraft:crafting_table":4,"minecraft:torch":3,"minecraft:granite":4,"biomesoplenty:white_petals":9,"minecraft:diorite":5,"minecraft:wall_torch":4,"minecraft:furnace":1,"biomesoplenty:toadstool":1,"epicpaladins:deepslate_cryorium_ore":1,"biomesoplenty:lavender":1,"minecraft:andesite":18,"minecraft:pumpkin":6,"biomesoplenty:fir_log":8,"minecraft:deepslate_iron_ore":5,"minecraft:grass":12,"soulsweapons:moonstone_ore_deepslate":12,"minecraft:oak_log":6,"minecraft:coal_ore":26,"biomesoplenty:webbing":1,"minecraft:dirt":2,"minecraft:cobweb":1,"biomesoplenty:spider_egg":1,"minecraft:stone":139,"minecraft:deepslate":4,"minecraft:fern":1},"minecraft:killed_by":{"minecraft:skeleton":1,"minecraft:creeper":1},"minecraft:dropped":{"minecraft:wheat_seeds":1,"minecraft:iron_nugget":8,"minecraft:golden_helmet":1,"minecraft:feather":6,"minecraft:rotten_flesh":23,"soulsweapons:sting":1,"minecraft:granite":4,"biomesoplenty:white_petals":48,"minecraft:coal":18,"minecraft:dirt":29,"biomesoplenty:fir_planks":2,"minecraft:diorite":7,"minecraft:andesite":36,"minecraft:pumpkin":12,"minecraft:arrow":3,"minecraft:wooden_pickaxe":2,"minecraft:stone_pickaxe":2,"minecraft:iron_pickaxe":1,"naturalist:duck":1,"minecraft:gold_ingot":1},"minecraft:killed":{"minecraft:pig":4,"naturalist:bear":1,"naturalist:bluejay":3,"minecraft:spider":10,"minecraft:creeper":1,"minecraft:skeleton":7,"minecraft:zombie":27,"minecraft:enderman":1,"minecraft:cow":4},"minecraft:picked_up":{"minecraft:crafting_table":4,"minecraft:feather":6,"minecraft:andesite":37,"minecraft:wooden_pickaxe":1,"minecraft:potato":1,"soulsweapons:moonstone":15,"biomesoplenty:fir_log":8,"minecraft:oak_log":5,"minecraft:gunpowder":2,"minecraft:brewing_stand":1,"minecraft:shield":1,"minecraft:red_bed":4,"minecraft:dirt":86,"minecraft:string":11,"tombstone:gift":1,"minecraft:bone":6,"soulsweapons:sting":1,"minecraft:wheat_seeds":1,"minecraft:cobbled_deepslate":5,"biomesoplenty:fir_planks":1,"minecraft:beef":11,"minecraft:stone_pickaxe":1,"minecraft:iron_nugget":4,"minecraft:iron_pickaxe":1,"minecraft:iron_sword":1,"minecraft:furnace":1,"minecraft:egg":1,"biomesoplenty:toadstool":1,"minecraft:golden_helmet":1,"minecraft:stick":1,"minecraft:raw_iron":6,"naturalist:duck":1,"minecraft:stone":2,"minecraft:pumpkin":18,"minecraft:torch":7,"minecraft:porkchop":8,"minecraft:cherry_log":10,"tombstone:grave_dust":6,"minecraft:diorite":7,"minecraft:redstone":8,"epicpaladins:cryorium_gem":1,"minecraft:spider_eye":2,"minecraft:diamond":4,"minecraft:arrow":3,"minecraft:coal_ore":5,"minecraft:rotten_flesh":24,"minecraft:deepslate":1,"minecraft:baked_potato":16,"minecraft:granite":4,"soulsweapons:verglas":1,"minecraft:bread":1,"biomesoplenty:white_petals":48,"minecraft:coal":19,"minecraft:ender_pearl":1,"minecraft:cobblestone":140},"minecraft:used":{"soulsweapons:sting":169,"minecraft:stone_sword":76,"minecraft:stone_pickaxe":139,"minecraft:baked_potato":10,"minecraft:shield":17,"minecraft:wooden_pickaxe":45,"minecraft:iron_sword":9,"minecraft:stone":2,"minecraft:torch":10,"minecraft:dirt":57,"soulsweapons:bluemoon_shortsword":48,"minecraft:crafting_table":7,"minecraft:red_bed":4,"minecraft:coal_ore":5,"minecraft:bread":1,"minecraft:iron_pickaxe":75,"biomesoplenty:toadstool":1,"minecraft:cobblestone":62,"minecraft:furnace":2,"minecraft:cooked_porkchop":8,"minecraft:potato":1,"minecraft:andesite":1,"tombstone:gift":2,"minecraft:egg":1,"minecraft:cooked_beef":11,"minecraft:pumpkin":6,"minecraft:golden_pickaxe":15},"minecraft:crafted":{"minecraft:cooked_beef":11,"minecraft:oak_planks":8,"soulsweapons:bluemoon_shortsword":1,"minecraft:cooked_porkchop":8,"minecraft:crafting_table":3,"minecraft:wooden_pickaxe":1,"minecraft:furnace":1,"minecraft:oak_wood":3,"minecraft:flint_and_steel":1,"biomesoplenty:fir_planks":16,"tombstone:grave_key":1,"minecraft:stick":12,"minecraft:iron_ingot":6,"minecraft:iron_pickaxe":1,"minecraft:stone_pickaxe":2,"minecraft:stone_sword":1,"minecraft:gold_ingot":11,"minecraft:torch":4,"minecraft:golden_helmet":2},"minecraft:custom":{"minecraft:interact_with_furnace":11,"minecraft:mob_kills":62,"minecraft:interact_with_crafting_table":35,"minecraft:time_since_death":64758,"minecraft:sleep_in_bed":4,"minecraft:time_since_rest":63885,"minecraft:sprint_one_cm":620126,"minecraft:damage_taken":3232,"minecraft:walk_one_cm":599098,"minecraft:damage_blocked_by_shield":700,"minecraft:drop":39,"minecraft:damage_dealt":11274,"minecraft:talked_to_villager":12,"minecraft:swim_one_cm":14592,"minecraft:fly_one_cm":201546,"minecraft:open_chest":2,"minecraft:crouch_one_cm":4756,"minecraft:play_time":134941,"tombstone:undead_killed":34,"minecraft:deaths":4,"minecraft:sneak_time":1137,"minecraft:walk_under_water_one_cm":12387,"minecraft:jump":1876,"minecraft:interact_with_smoker":1,"minecraft:walk_on_water_one_cm":26873,"minecraft:total_world_time":134941,"minecraft:fall_one_cm":47280,"minecraft:horse_one_cm":3149}},"DataVersion":3465}