{"stats":{"minecraft:killed_by":{"minecraft:creeper":2,"minecraft:skeleton":3},"minecraft:killed":{"minecraft:spider":12,"naturalist:coral_snake":1,"minecraft:skeleton":17,"minecraft:pig":12,"naturalist:firefly":2,"naturalist:bear":1,"naturalist:bluejay":3,"minecraft:creeper":2,"minecraft:sheep":7,"minecraft:zombie":37,"minecraft:cow":10,"minecraft:enderman":2},"minecraft:crafted":{"minecraft:oak_door":3,"minecraft:oak_planks":348,"minecraft:iron_nugget":59,"usefulbackpacks:backpack_small":1,"minecraft:furnace":3,"tombstone:ankh_of_prayer":1,"minecraft:cooked_mutton":10,"minecraft:flint_and_steel":1,"minecraft:glass":244,"minecraft:lantern":5,"minecraft:diamond_leggings":1,"minecraft:iron_axe":3,"tombstone:grave_key":1,"minecraft:stone_pickaxe":2,"minecraft:chest":11,"usefulbackpacks:backpack_medium":1,"soulsweapons:moonstone_pickaxe":1,"biomesoplenty:jacaranda_trapdoor":2,"minecraft:golden_helmet":2,"soulsweapons:bluemoon_greatsword":1,"minecraft:cooked_beef":38,"elevatorid:elevator_white":1,"soulsweapons:bluemoon_shortsword":1,"biomesoplenty:jacaranda_planks":416,"minecraft:cooked_porkchop":25,"minecraft:crafting_table":7,"minecraft:wooden_pickaxe":1,"minecraft:bucket":1,"minecraft:oak_wood":6,"minecraft:painting":1,"rechiseled:chisel":1,"biomesoplenty:fir_planks":16,"minecraft:stick":62,"minecraft:iron_ingot":34,"minecraft:iron_pickaxe":2,"minecraft:stone_sword":1,"minecraft:iron_shovel":5,"minecraft:gold_ingot":12,"minecraft:redstone_torch":8,"minecraft:white_bed":1,"minecraft:torch":18,"minecraft:shears":1},"minecraft:dropped":{"usefulbackpacks:backpack_medium":2,"minecraft:wheat_seeds":41,"minecraft:golden_helmet":1,"minecraft:cooked_porkchop":9,"minecraft:pitcher_pod":3,"biomesoplenty:lavender":493,"minecraft:feather":6,"minecraft:cobblestone":9,"minecraft:granite":33,"biomesoplenty:jacaranda_planks":1,"minecraft:coal":18,"minecraft:dirt":325,"minecraft:diorite":13,"minecraft:torch":1,"minecraft:cornflower":1,"minecraft:pumpkin":12,"minecraft:iron_pickaxe":1,"minecraft:string":14,"minecraft:white_wool":1,"minecraft:gold_ingot":1,"minecraft:bone":8,"minecraft:oak_door":15,"minecraft:gravel":1,"minecraft:iron_nugget":71,"minecraft:stone_sword":1,"minecraft:cobbled_deepslate":3,"minecraft:deepslate":1,"minecraft:rotten_flesh":40,"soulsweapons:sting":1,"minecraft:light_gray_wool":1,"minecraft:cooked_mutton":1,"biomesoplenty:white_petals":48,"minecraft:carrot":1,"minecraft:flint_and_steel":1,"biomesoplenty:fir_planks":2,"minecraft:andesite":36,"minecraft:beetroot_seeds":3,"minecraft:bow":3,"minecraft:arrow":23,"minecraft:wooden_pickaxe":2,"minecraft:beef":1,"minecraft:stone_pickaxe":3,"biomesoplenty:tall_lavender":16,"naturalist:duck":1},"minecraft:broken":{"minecraft:golden_helmet":1,"minecraft:iron_shovel":4,"minecraft:golden_boots":1,"minecraft:leather_leggings":1,"minecraft:iron_axe":1,"minecraft:golden_pickaxe":1,"minecraft:golden_chestplate":1},"minecraft:used":{"soulsweapons:sting":169,"minecraft:stone_sword":76,"rechiseled:oak_planks_bricks":1,"minecraft:iron_shovel":1127,"minecraft:chest":21,"minecraft:shield":38,"minecraft:stone":2,"minecraft:iron_sword":9,"minecraft:grass":3,"minecraft:oak_door":2,"minecraft:torch":11,"minecraft:brewing_stand":1,"minecraft:dirt":586,"minecraft:carrot":2,"minecraft:oak_wood":3,"minecraft:granite":5,"minecraft:glass":121,"rechiseled:oak_planks_large_tiles":2,"minecraft:coal_ore":5,"minecraft:lantern":3,"minecraft:iron_axe":653,"biomesoplenty:tall_lavender":3,"minecraft:furnace":6,"tombstone:gift":12,"minecraft:cooked_beef":16,"minecraft:egg":21,"minecraft:potato":9,"minecraft:cobbled_deepslate":62,"minecraft:pumpkin":6,"minecraft:cooked_mutton":8,"biomesoplenty:jacaranda_door":2,"minecraft:diorite":3,"minecraft:baked_potato":16,"minecraft:oak_planks":170,"minecraft:stone_pickaxe":220,"minecraft:wooden_pickaxe":45,"soulsweapons:moonstone_pickaxe":695,"biomesoplenty:lavender":4,"biomesoplenty:flowering_oak_sapling":1,"tombstone:scroll_of_true_sight":1,"elevatorid:elevator_white":1,"soulsweapons:bluemoon_greatsword":16,"minecraft:golden_hoe":14,"minecraft:sand":8,"soulsweapons:bluemoon_shortsword":199,"minecraft:crafting_table":13,"minecraft:red_bed":4,"minecraft:white_bed":6,"minecraft:painting":2,"minecraft:shears":12,"biomesoplenty:jacaranda_planks":753,"tombstone:bag_of_seeds":2,"minecraft:oak_log":6,"biomesoplenty:jacaranda_trapdoor":5,"minecraft:bread":7,"minecraft:iron_pickaxe":257,"minecraft:purple_bed":1,"biomesoplenty:toadstool":1,"minecraft:cobblestone":375,"tombstone:ankh_of_prayer":10,"minecraft:cooked_porkchop":23,"minecraft:andesite":17,"minecraft:golden_pickaxe":32,"biomesoplenty:jacaranda_leaves":1,"biomesoplenty:flowering_oak_leaves":1},"minecraft:picked_up":{"minecraft:crafting_table":7,"minecraft:wooden_pickaxe":1,"soulsweapons:moonstone":19,"usefulbackpacks:backpack_medium":2,"biomesoplenty:jacaranda_sapling":4,"rechiseled:oak_planks_bricks":1,"minecraft:brewing_stand":1,"minecraft:shield":1,"minecraft:cornflower":1,"minecraft:red_bed":4,"minecraft:string":16,"minecraft:flint_and_steel":1,"biomesoplenty:tall_lavender":19,"soulsweapons:sting":1,"minecraft:cobbled_deepslate":70,"biomesoplenty:fir_planks":1,"minecraft:beef":27,"minecraft:iron_nugget":67,"minecraft:iron_pickaxe":2,"minecraft:light_gray_wool":1,"minecraft:chest":12,"minecraft:furnace":3,"minecraft:egg":21,"minecraft:golden_helmet":1,"minecraft:stick":1,"minecraft:raw_iron":29,"naturalist:duck":1,"minecraft:stone":2,"minecraft:oak_door":14,"minecraft:torch":9,"minecraft:porkchop":25,"minecraft:cherry_log":10,"tombstone:grave_dust":8,"minecraft:diorite":85,"minecraft:carrot":2,"minecraft:redstone":8,"biomesoplenty:jacaranda_trapdoor":5,"minecraft:arrow":21,"minecraft:rotten_flesh":40,"epicpaladins:cryorium_gem":2,"biomesoplenty:jacaranda_log":111,"biomesoplenty:white_petals":48,"minecraft:mutton":10,"minecraft:white_wool":29,"minecraft:cobblestone":655,"biomesoplenty:lavender":467,"minecraft:feather":6,"biomesoplenty:flowering_oak_leaves":1,"minecraft:andesite":53,"minecraft:leather":8,"minecraft:potato":1,"biomesoplenty:jacaranda_door":2,"biomesoplenty:fir_log":8,"minecraft:oak_log":102,"biomesoplenty:jacaranda_planks":386,"minecraft:gunpowder":4,"minecraft:lapis_lazuli":166,"minecraft:dirt":1378,"tombstone:gift":2,"minecraft:bone":23,"minecraft:bow":3,"minecraft:wheat_seeds":55,"minecraft:iron_ingot":9,"minecraft:stone_pickaxe":1,"tombstone:bag_of_seeds":1,"minecraft:oak_planks":30,"minecraft:iron_sword":1,"biomesoplenty:toadstool":1,"minecraft:cooked_porkchop":9,"minecraft:pumpkin":18,"minecraft:gravel":2,"minecraft:sand":260,"minecraft:white_bed":5,"biomesoplenty:jacaranda_leaves":1,"rechiseled:oak_planks_large_tiles":2,"minecraft:spider_eye":3,"minecraft:purple_bed":1,"biomesoplenty:flowering_oak_sapling":1,"tombstone:scroll_of_true_sight":1,"minecraft:bundle":1,"minecraft:oak_wood":3,"minecraft:coal_ore":5,"minecraft:diamond":7,"minecraft:deepslate":1,"minecraft:granite":54,"minecraft:painting":1,"minecraft:grass":3,"minecraft:gray_wool":4,"soulsweapons:verglas":2,"minecraft:bread":5,"minecraft:baked_potato":16,"minecraft:coal":59,"minecraft:ender_pearl":1},"minecraft:mined":{"minecraft:diamond_ore":1,"minecraft:tuff":1,"minecraft:white_bed":4,"minecraft:deepslate_diamond_ore":6,"minecraft:oak_door":2,"minecraft:cherry_log":11,"minecraft:brewing_stand":1,"minecraft:glow_lichen":3,"minecraft:granite":53,"minecraft:grass_block":284,"biomesoplenty:flowering_oak_leaves":3,"biomesoplenty:white_petals":9,"biomesoplenty:jacaranda_log":113,"biomesoplenty:tall_lavender":16,"minecraft:furnace":3,"biomesoplenty:toadstool":1,"minecraft:cobbled_deepslate":1,"minecraft:iron_ore":10,"biomesoplenty:lavender":455,"minecraft:andesite":34,"minecraft:pumpkin":8,"minecraft:deepslate_lapis_ore":7,"biomesoplenty:hanging_cobweb":2,"soulsweapons:moonstone_ore_deepslate":16,"minecraft:deepslate_iron_ore":18,"biomesoplenty:webbing":4,"biomesoplenty:jacaranda_door":1,"biomesoplenty:jacaranda_trapdoor":5,"biomesoplenty:spider_egg":1,"minecraft:stone":609,"biomesoplenty:jacaranda_leaves":2,"minecraft:deepslate_redstone_ore":2,"biomesoplenty:jacaranda_planks":379,"soulsweapons:verglas_ore_deepslate":1,"minecraft:red_bed":5,"rechiseled:oak_planks_bricks":1,"minecraft:crafting_table":7,"minecraft:cornflower":1,"minecraft:torch":4,"minecraft:oak_wood":3,"minecraft:chest":12,"minecraft:glass":14,"minecraft:tall_grass":31,"minecraft:copper_ore":2,"minecraft:cobblestone":53,"minecraft:deepslate_coal_ore":3,"minecraft:lapis_ore":5,"minecraft:oak_planks":26,"minecraft:diorite":84,"minecraft:wall_torch":4,"minecraft:purple_bed":1,"epicpaladins:deepslate_cryorium_ore":2,"biomesoplenty:fir_log":8,"minecraft:grass":413,"minecraft:oak_log":106,"minecraft:coal_ore":63,"minecraft:gravel":1,"minecraft:sand":261,"minecraft:dirt":848,"minecraft:cobweb":6,"rechiseled:oak_planks_large_tiles":2,"minecraft:oak_leaves":10,"minecraft:deepslate":65,"minecraft:fern":1},"minecraft:custom":{"minecraft:mob_kills":112,"minecraft:interact_with_crafting_table":126,"minecraft:leave_game":2,"minecraft:time_since_death":88465,"minecraft:sprint_one_cm":1280290,"minecraft:walk_one_cm":1922932,"minecraft:damage_blocked_by_shield":1590,"minecraft:drop":184,"minecraft:talked_to_villager":12,"minecraft:play_time":486401,"minecraft:sneak_time":2213,"minecraft:deaths":7,"minecraft:walk_under_water_one_cm":35904,"minecraft:jump":5123,"minecraft:interact_with_brewingstand":4,"minecraft:walk_on_water_one_cm":62591,"minecraft:total_world_time":486401,"minecraft:interact_with_furnace":88,"minecraft:sleep_in_bed":23,"minecraft:time_since_rest":527,"minecraft:damage_taken":6227,"minecraft:damage_dealt":17197,"tombstone:cast_on_ally":2,"minecraft:swim_one_cm":26609,"minecraft:fly_one_cm":773883,"minecraft:open_chest":259,"minecraft:crouch_one_cm":8233,"tombstone:undead_killed":54,"minecraft:interact_with_smoker":1,"minecraft:fall_one_cm":112556,"minecraft:horse_one_cm":3149}},"DataVersion":3465}