{"stats":{"minecraft:mined":{"minecraft:grass":3,"minecraft:coal_ore":1,"minecraft:red_bed":2,"minecraft:stone":8,"biomesoplenty:fir_log":8,"minecraft:fern":1},"minecraft:picked_up":{"biomesoplenty:fir_log":8,"minecraft:coal":1,"minecraft:red_bed":2,"minecraft:dirt":29,"minecraft:cobblestone":10},"minecraft:used":{"minecraft:crafting_table":1,"minecraft:red_bed":1,"minecraft:wooden_pickaxe":9},"minecraft:crafted":{"biomesoplenty:fir_planks":16,"minecraft:crafting_table":1,"minecraft:stick":8,"minecraft:wooden_pickaxe":1},"minecraft:custom":{"minecraft:time_since_rest":3738,"minecraft:crouch_one_cm":2388,"minecraft:play_time":8941,"minecraft:sprint_one_cm":48453,"minecraft:damage_taken":20,"minecraft:walk_one_cm":22960,"minecraft:sneak_time":682,"minecraft:jump":69,"minecraft:time_since_death":8941,"minecraft:sleep_in_bed":1,"minecraft:total_world_time":8941,"minecraft:interact_with_crafting_table":3,"minecraft:fly_one_cm":7133,"minecraft:fall_one_cm":1624}},"DataVersion":3465}