{"stats":{"minecraft:mined":{"minecraft:grass":1,"biomesoplenty:fir_leaves":2,"minecraft:chest":1,"biomesoplenty:maple_leaves":1,"biomesoplenty:fir_log":34},"minecraft:picked_up":{"biomesoplenty:fir_boat":2,"biomesoplenty:fir_log":34,"minecraft:chest":1},"minecraft:used":{"minecraft:crafting_table":1,"biomesoplenty:fir_boat":3},"minecraft:crafted":{"biomesoplenty:fir_planks":12,"biomesoplenty:fir_boat":1,"minecraft:crafting_table":1},"minecraft:custom":{"minecraft:open_chest":1,"minecraft:time_since_rest":10026,"minecraft:crouch_one_cm":484,"minecraft:sprint_one_cm":31474,"minecraft:play_time":10026,"minecraft:walk_one_cm":13740,"minecraft:sneak_time":90,"minecraft:walk_under_water_one_cm":184,"minecraft:boat_one_cm":42615,"minecraft:jump":260,"minecraft:leave_game":1,"minecraft:walk_on_water_one_cm":468,"minecraft:time_since_death":10026,"minecraft:total_world_time":10026,"minecraft:interact_with_crafting_table":1,"minecraft:fall_one_cm":3971,"minecraft:fly_one_cm":71227}},"DataVersion":3465}