{"stats":{"minecraft:killed":{"minecraft:spider":3,"naturalist:snail":1,"minecraft:skeleton":8,"minecraft:chicken":3,"minecraft:creeper":5,"minecraft:sheep":1,"minecraft:trader_llama":1,"minecraft:zombie":16,"minecraft:cow":5,"naturalist:duck":2,"soulsweapons:draugr_boss":1,"minecraft:enderman":3},"minecraft:used":{"minecraft:iron_shovel":615,"minecraft:chest":5,"minecraft:iron_sword":36,"minecraft:rotten_flesh":2,"minecraft:carrot":279,"minecraft:lava_bucket":16,"soulsweapons:draugr":30,"rechiseled:mossy_cobblestone_dented":1,"biomesoplenty:fir_sapling":2,"minecraft:dark_oak_boat":6,"minecraft:hay_block":1,"minecraft:furnace":7,"biomesoplenty:fir_fence_gate":5,"minecraft:skeleton_skull":1,"minecraft:egg":25,"minecraft:potato":11,"biomesoplenty:fir_fence":40,"rechiseled:cobblestone_stripes":5,"minecraft:oak_planks":2,"minecraft:stone_pickaxe":109,"minecraft:wooden_pickaxe":35,"biomesoplenty:lavender":8,"biomesoplenty:fir_boat":15,"minecraft:sugar_cane":7,"minecraft:blue_bed":4,"soulsweapons:bluemoon_greatsword":153,"minecraft:sand":5,"biomesoplenty:jacaranda_planks":1,"minecraft:bread":14,"tombstone:grave_key":11,"minecraft:gravel":11,"minecraft:andesite":7,"minecraft:oak_boat":9,"minecraft:stone_sword":250,"biomesoplenty:redwood_door":3,"minecraft:stone_shovel":916,"biomesoplenty:redwood_planks":66,"minecraft:stone_hoe":79,"minecraft:cooked_chicken":2,"minecraft:torch":433,"minecraft:dirt":522,"minecraft:light_blue_stained_glass":1120,"minecraft:granite":8,"biomesoplenty:redwood_log":1,"rechiseled:cobblestone_worn_stripes":2,"minecraft:wooden_axe":60,"minecraft:iron_axe":404,"biomesoplenty:redwood_boat":3,"tombstone:gift":5,"minecraft:cooked_beef":7,"minecraft:cobbled_deepslate":3,"minecraft:pumpkin":36,"minecraft:wheat_seeds":107,"minecraft:cooked_mutton":1,"minecraft:water_bucket":6,"minecraft:baked_potato":48,"minecraft:crafting_table":12,"minecraft:white_bed":3,"minecraft:purple_stained_glass":2,"rechiseled:cobblestone_large_squares":1,"minecraft:cornflower":1,"minecraft:apple":3,"minecraft:iron_pickaxe":413,"biomesoplenty:toadstool":1,"minecraft:stone_axe":481,"minecraft:cobblestone":64,"minecraft:bucket":23,"biomesoplenty:fir_log":1},"minecraft:mined":{"minecraft:white_bed":2,"epicpaladins:cryorium_ore":6,"minecraft:granite":16,"minecraft:grass_block":176,"minecraft:deepslate_bricks":1,"minecraft:oxeye_daisy":18,"minecraft:light_blue_stained_glass":49,"biomesoplenty:tall_lavender":21,"minecraft:iron_ore":26,"minecraft:fire":2,"biomesoplenty:lavender":342,"minecraft:pumpkin":59,"minecraft:azure_bluet":2,"minecraft:red_tulip":24,"biomesoplenty:redwood_log":28,"biomesoplenty:webbing":2,"minecraft:pink_tulip":1,"soulsweapons:verglas_ore_deepslate":2,"biomesoplenty:jacaranda_planks":1,"minecraft:torch":349,"minecraft:poppy":3,"minecraft:chest":1,"minecraft:cobblestone":27,"minecraft:sugar_cane":4,"minecraft:wall_torch":21,"minecraft:skeleton_skull":2,"minecraft:wheat":88,"epicpaladins:deepslate_cryorium_ore":3,"minecraft:lilac":1,"biomesoplenty:maple_leaves":1,"minecraft:orange_tulip":69,"biomesoplenty:fir_log":623,"minecraft:grass":634,"minecraft:oak_log":23,"minecraft:sand":879,"minecraft:dirt":267,"minecraft:oak_leaves":30,"minecraft:deepslate":16,"soulsweapons:verglas_ore":1,"biomesoplenty:orange_autumn_leaves":3,"minecraft:tuff":1,"minecraft:deepslate_diamond_ore":7,"minecraft:dark_oak_log":8,"biomesoplenty:bush":57,"minecraft:spruce_leaves":4,"epicpaladins:deepslate_arclight_ore":2,"minecraft:hay_block":1,"minecraft:redstone_ore":4,"minecraft:furnace":1,"minecraft:carrots":79,"biomesoplenty:toadstool":2,"minecraft:andesite":13,"minecraft:peony":4,"minecraft:polished_deepslate":2,"soulsweapons:moonstone_ore_deepslate":23,"minecraft:potatoes":55,"minecraft:deepslate_iron_ore":8,"minecraft:packed_ice":14,"minecraft:stone":142,"minecraft:white_tulip":11,"biomesoplenty:redwood_planks":1,"minecraft:glass_pane":1,"epicpaladins:deepslate_bloodstone_ore":17,"minecraft:lily_of_the_valley":86,"minecraft:dandelion":3,"minecraft:crafting_table":1,"minecraft:cornflower":139,"minecraft:tall_grass":33,"minecraft:copper_ore":3,"minecraft:deepslate_coal_ore":2,"biomesoplenty:sprout":4,"minecraft:deepslate_gold_ore":4,"minecraft:diorite":7,"minecraft:blue_bed":4,"biomesoplenty:fir_fence_gate":2,"biomesoplenty:fir_fence":15,"minecraft:purple_stained_glass":2,"minecraft:coal_ore":79,"biomesoplenty:fir_leaves":85,"minecraft:gravel":48,"biomesoplenty:stringy_cobweb":1,"biomesoplenty:redwood_wood":11,"minecraft:fern":11},"minecraft:dropped":{"biomesoplenty:fir_log":1,"minecraft:iron_sword":1,"minecraft:moss_block":2,"minecraft:oak_log":3,"minecraft:baked_potato":16,"minecraft:ender_pearl":1,"minecraft:orange_tulip":5,"biomesoplenty:fir_sapling":4,"minecraft:dirt":8,"minecraft:red_bed":1,"biomesoplenty:redwood_log":1,"tombstone:scroll_of_true_sight":1,"minecraft:snowball":3,"minecraft:iron_pickaxe":3,"biomesoplenty:fir_fence":2,"minecraft:dark_oak_planks":2,"minecraft:white_wool":1,"minecraft:bone":2,"minecraft:gravel":32,"biomesoplenty:toadstool":27,"minecraft:white_tulip":2,"minecraft:iron_nugget":2,"minecraft:cobbled_deepslate":1,"minecraft:wheat":2,"minecraft:rotten_flesh":57,"minecraft:azure_bluet":1,"minecraft:skeleton_skull":2,"minecraft:charcoal":1,"minecraft:beetroot_seeds":11,"minecraft:arrow":6,"minecraft:glass":2,"biomesoplenty:tall_lavender":5,"minecraft:egg":2,"minecraft:bread":5,"minecraft:wheat_seeds":20,"biomesoplenty:lavender":13,"minecraft:feather":11,"minecraft:cobblestone":11,"minecraft:stick":6,"minecraft:pumpkin":59,"minecraft:string":1,"minecraft:spruce_sapling":1,"minecraft:pink_tulip":1,"minecraft:stone_sword":2,"epicpaladins:bloodstone_gem":35,"biomesoplenty:redwood_planks":6,"minecraft:deepslate_bricks":2,"biomesoplenty:fir_planks":6,"minecraft:peony":10,"minecraft:bundle":1,"minecraft:andesite":5,"minecraft:oak_sapling":4,"tombstone:essence_of_undeath":3,"minecraft:stone_pickaxe":2,"minecraft:wooden_pickaxe":5,"minecraft:raw_gold":1,"naturalist:duck":2},"minecraft:broken":{"minecraft:iron_shovel":1,"minecraft:stone_axe":3,"minecraft:wooden_axe":1,"minecraft:stone_shovel":5,"minecraft:stone_sword":1,"minecraft:iron_axe":1},"minecraft:crafted":{"minecraft:oak_planks":36,"minecraft:dark_oak_boat":1,"minecraft:cooked_chicken":2,"usefulbackpacks:backpack_small":1,"minecraft:glass":1281,"minecraft:iron_boots":1,"tombstone:grave_key":4,"minecraft:chest":4,"minecraft:stone_hoe":1,"minecraft:magenta_dye":2,"soulsweapons:bluemoon_greatsword":1,"minecraft:crafting_table":12,"minecraft:wooden_pickaxe":1,"minecraft:iron_helmet":1,"minecraft:baked_potato":64,"rechiseled:chisel":1,"biomesoplenty:fir_planks":124,"biomesoplenty:redwood_boat":1,"minecraft:iron_chestplate":1,"minecraft:charcoal":16,"minecraft:purple_dye":2,"minecraft:stick":104,"minecraft:light_blue_dye":222,"minecraft:iron_ingot":29,"minecraft:iron_pickaxe":2,"minecraft:stone_sword":2,"minecraft:light_blue_stained_glass":1120,"minecraft:light_gray_dye":28,"minecraft:stone_shovel":6,"minecraft:furnace":6,"minecraft:iron_axe":2,"minecraft:stone_pickaxe":1,"minecraft:dark_oak_planks":32,"minecraft:cooked_beef":8,"minecraft:red_dye":26,"biomesoplenty:fir_boat":3,"minecraft:purple_stained_glass":8,"biomesoplenty:redwood_door":3,"biomesoplenty:redwood_planks":104,"minecraft:iron_sword":1,"minecraft:bucket":1,"minecraft:stone_axe":3,"minecraft:orange_dye":64,"minecraft:bread":6,"minecraft:air":0,"minecraft:blue_dye":111,"minecraft:oak_boat":1,"biomesoplenty:fir_fence":27,"minecraft:white_dye":86,"minecraft:wooden_axe":1,"minecraft:iron_shovel":2,"minecraft:torch":68,"biomesoplenty:fir_fence_gate":3},"minecraft:custom":{"minecraft:animals_bred":36,"minecraft:interact_with_crafting_table":78,"minecraft:open_barrel":8,"minecraft:leave_game":12,"minecraft:time_since_death":103177,"minecraft:sprint_one_cm":1745922,"minecraft:drop":129,"minecraft:talked_to_villager":6,"minecraft:play_time":753683,"minecraft:deaths":17,"minecraft:jump":12787,"minecraft:walk_on_water_one_cm":62510,"minecraft:interact_with_furnace":214,"minecraft:sleep_in_bed":35,"minecraft:damage_dealt":10432,"minecraft:crouch_one_cm":271173,"tombstone:undead_killed":25,"minecraft:mob_kills":50,"minecraft:interact_with_anvil":1,"minecraft:climb_one_cm":2940,"minecraft:walk_one_cm":1372139,"minecraft:sneak_time":69332,"minecraft:walk_under_water_one_cm":31686,"minecraft:boat_one_cm":742360,"minecraft:interact_with_blast_furnace":1,"minecraft:total_world_time":753683,"minecraft:time_since_rest":8643,"minecraft:damage_taken":7174,"minecraft:swim_one_cm":184320,"minecraft:fly_one_cm":3468365,"minecraft:open_chest":160,"minecraft:fall_one_cm":300182},"minecraft:killed_by":{"minecraft:creeper":2,"minecraft:zombie":1,"minecraft:enderman":3,"soulsweapons:night_shade":6,"minecraft:skeleton":3},"minecraft:picked_up":{"minecraft:wheat":66,"minecraft:lead":12,"soulsweapons:moonstone":20,"minecraft:enchanted_book":1,"minecraft:string":3,"minecraft:raw_copper":9,"biomesoplenty:tall_lavender":13,"epicpaladins:bloodstone_gem":35,"minecraft:cobbled_deepslate":7,"biomesoplenty:fir_planks":5,"minecraft:white_tulip":11,"minecraft:red_dye":26,"minecraft:iron_pickaxe":2,"minecraft:furnace":1,"minecraft:stick":8,"biomesoplenty:redwood_boat":2,"epicpaladins:arclight_gem":2,"minecraft:torch":376,"tombstone:grave_dust":7,"biomesoplenty:fir_fence_gate":2,"minecraft:stone_sword":1,"minecraft:rotten_flesh":45,"epicpaladins:cryorium_gem":9,"minecraft:red_tulip":24,"minecraft:snowball":13,"minecraft:cobblestone":152,"biomesoplenty:lavender":225,"minecraft:feather":11,"minecraft:lilac":1,"minecraft:andesite":12,"minecraft:dark_oak_boat":5,"minecraft:potato":56,"biomesoplenty:fir_sapling":8,"biomesoplenty:fir_log":596,"minecraft:magenta_dye":2,"biomesoplenty:redwood_door":3,"minecraft:flint":5,"minecraft:light_gray_dye":20,"minecraft:purple_stained_glass":6,"minecraft:dirt":418,"minecraft:glass":2,"minecraft:bone":2,"minecraft:orange_tulip":69,"minecraft:wheat_seeds":266,"biomesoplenty:fir_boat":12,"minecraft:raw_gold":2,"minecraft:moss_block":1,"biomesoplenty:toadstool":40,"minecraft:sand":1662,"biomesoplenty:fir_fence":20,"minecraft:lily_of_the_valley":86,"minecraft:dark_oak_log":8,"minecraft:bundle":1,"minecraft:diamond":6,"minecraft:granite":9,"soulsweapons:verglas":2,"minecraft:bread":1,"minecraft:oak_sapling":4,"biomesoplenty:redwood_log":28,"minecraft:azure_bluet":2,"minecraft:chicken":2,"minecraft:wooden_pickaxe":4,"minecraft:cornflower":139,"minecraft:red_bed":1,"minecraft:beef":21,"minecraft:oak_boat":8,"minecraft:iron_nugget":1,"minecraft:poppy":2,"minecraft:sugar_cane":7,"minecraft:chest":1,"minecraft:egg":52,"minecraft:orange_dye":64,"minecraft:raw_iron":33,"naturalist:duck":2,"minecraft:white_dye":15,"minecraft:carrot":271,"minecraft:redstone":15,"minecraft:dark_oak_planks":1,"biomesoplenty:redwood_planks":4,"minecraft:arrow":6,"minecraft:peony":12,"minecraft:deepslate_bricks":2,"minecraft:hay_block":1,"minecraft:pink_tulip":1,"soulsweapons:draugr":1,"tombstone:essence_of_undeath":4,"minecraft:mutton":2,"minecraft:skeleton_skull":3,"minecraft:white_wool":5,"minecraft:oxeye_daisy":18,"minecraft:purple_dye":1,"minecraft:leather":11,"minecraft:oak_log":26,"biomesoplenty:jacaranda_planks":1,"minecraft:gunpowder":5,"minecraft:blue_bed":4,"minecraft:cooked_mutton":1,"minecraft:stone_pickaxe":1,"minecraft:iron_sword":1,"minecraft:pumpkin":118,"minecraft:dandelion":1,"minecraft:gravel":74,"minecraft:spruce_sapling":1,"minecraft:white_bed":3,"tombstone:scroll_of_true_sight":1,"minecraft:coal":84}},"DataVersion":3465}