{"stats":{"minecraft:mined":{"biomesoplenty:orange_autumn_leaves":3,"minecraft:white_bed":1,"minecraft:furnace":1,"minecraft:carrots":5,"biomesoplenty:toadstool":1,"minecraft:wheat":11,"minecraft:dark_oak_log":8,"minecraft:pumpkin":59,"biomesoplenty:maple_leaves":1,"biomesoplenty:fir_log":38,"minecraft:grass":2,"minecraft:potatoes":55,"minecraft:coal_ore":16,"biomesoplenty:fir_leaves":2,"minecraft:chest":1,"minecraft:packed_ice":14,"minecraft:spruce_leaves":4,"minecraft:stone":14,"minecraft:blue_bed":3},"minecraft:broken":{"minecraft:wooden_axe":1},"minecraft:killed":{"naturalist:duck":1},"minecraft:used":{"minecraft:wooden_axe":60,"minecraft:baked_potato":6,"minecraft:wooden_pickaxe":35,"biomesoplenty:fir_boat":12,"minecraft:blue_bed":2,"biomesoplenty:toadstool":1,"minecraft:crafting_table":4,"minecraft:potato":2},"minecraft:picked_up":{"biomesoplenty:toadstool":1,"naturalist:duck":1,"minecraft:feather":1,"minecraft:pumpkin":59,"minecraft:potato":55,"biomesoplenty:fir_log":38,"minecraft:dark_oak_log":8,"minecraft:spruce_sapling":1,"minecraft:white_bed":1,"minecraft:carrot":5,"minecraft:blue_bed":3,"minecraft:rotten_flesh":1,"minecraft:wheat_seeds":10,"biomesoplenty:fir_boat":10,"minecraft:chest":1,"minecraft:coal":16,"minecraft:snowball":13,"minecraft:cobblestone":14,"minecraft:furnace":1},"minecraft:crafted":{"biomesoplenty:fir_planks":44,"minecraft:stone_shovel":1,"biomesoplenty:fir_boat":2,"minecraft:charcoal":16,"minecraft:crafting_table":4,"minecraft:wooden_axe":1,"minecraft:stick":12,"minecraft:wooden_pickaxe":1,"minecraft:baked_potato":64,"minecraft:stone_pickaxe":1,"minecraft:stone_sword":1,"minecraft:dark_oak_planks":32,"minecraft:air":0},"minecraft:custom":{"minecraft:time_since_rest":5502,"minecraft:interact_with_furnace":31,"minecraft:sprint_one_cm":147381,"minecraft:damage_taken":40,"minecraft:walk_one_cm":107390,"minecraft:mob_kills":1,"minecraft:damage_dealt":70,"minecraft:swim_one_cm":3273,"minecraft:interact_with_crafting_table":5,"minecraft:talked_to_villager":3,"minecraft:fly_one_cm":257869,"minecraft:open_chest":7,"minecraft:crouch_one_cm":515,"minecraft:play_time":46026,"minecraft:sneak_time":118,"minecraft:walk_under_water_one_cm":1746,"minecraft:boat_one_cm":154665,"minecraft:jump":1066,"minecraft:interact_with_blast_furnace":1,"minecraft:leave_game":1,"minecraft:time_since_death":46026,"minecraft:walk_on_water_one_cm":4798,"minecraft:sleep_in_bed":4,"minecraft:total_world_time":46026,"minecraft:fall_one_cm":19427}},"DataVersion":3465}