{"stats":{"minecraft:killed_by":{"minecraft:creeper":1,"minecraft:enderman":3,"soulsweapons:night_shade":6,"minecraft:skeleton":3,"minecraft:zombie":1},"minecraft:killed":{"minecraft:spider":2,"naturalist:duck":1,"naturalist:snail":1,"minecraft:skeleton":8,"minecraft:chicken":3,"soulsweapons:draugr_boss":1,"minecraft:creeper":5,"minecraft:sheep":1,"minecraft:trader_llama":1,"minecraft:zombie":15,"minecraft:cow":5,"minecraft:enderman":3},"minecraft:crafted":{"minecraft:oak_planks":20,"minecraft:stone_shovel":6,"minecraft:dark_oak_boat":1,"minecraft:cooked_chicken":2,"usefulbackpacks:backpack_small":1,"minecraft:furnace":6,"minecraft:glass":620,"minecraft:iron_boots":1,"tombstone:grave_key":4,"minecraft:stone_pickaxe":1,"minecraft:chest":2,"minecraft:magenta_dye":2,"minecraft:dark_oak_planks":32,"minecraft:stone_hoe":1,"soulsweapons:bluemoon_greatsword":1,"minecraft:cooked_beef":8,"minecraft:red_dye":26,"minecraft:purple_stained_glass":8,"biomesoplenty:fir_boat":3,"biomesoplenty:redwood_door":3,"minecraft:crafting_table":12,"biomesoplenty:redwood_planks":104,"minecraft:iron_helmet":1,"minecraft:baked_potato":64,"minecraft:wooden_pickaxe":1,"minecraft:iron_sword":1,"minecraft:bucket":1,"minecraft:stone_axe":3,"minecraft:orange_dye":64,"minecraft:bread":6,"minecraft:air":0,"minecraft:blue_dye":23,"rechiseled:chisel":1,"biomesoplenty:fir_planks":124,"biomesoplenty:fir_fence":27,"biomesoplenty:redwood_boat":1,"minecraft:purple_dye":2,"minecraft:iron_chestplate":1,"minecraft:charcoal":16,"minecraft:white_dye":30,"minecraft:light_blue_dye":30,"minecraft:stick":104,"minecraft:iron_ingot":29,"minecraft:iron_pickaxe":2,"minecraft:wooden_axe":1,"minecraft:stone_sword":2,"minecraft:light_blue_stained_glass":240,"minecraft:light_gray_dye":20,"minecraft:torch":60,"biomesoplenty:fir_fence_gate":3},"minecraft:dropped":{"biomesoplenty:fir_log":1,"minecraft:bread":5,"minecraft:iron_sword":1,"minecraft:moss_block":2,"minecraft:wheat_seeds":20,"minecraft:oak_log":3,"minecraft:baked_potato":16,"minecraft:orange_tulip":5,"biomesoplenty:lavender":13,"minecraft:feather":11,"minecraft:cobblestone":11,"minecraft:red_bed":1,"biomesoplenty:fir_sapling":4,"minecraft:stick":6,"minecraft:dirt":8,"biomesoplenty:redwood_log":1,"tombstone:scroll_of_true_sight":1,"minecraft:snowball":3,"minecraft:pumpkin":59,"minecraft:iron_pickaxe":2,"biomesoplenty:fir_fence":2,"minecraft:string":1,"minecraft:dark_oak_planks":2,"minecraft:white_wool":1,"minecraft:spruce_sapling":1,"minecraft:bone":2,"minecraft:gravel":32,"biomesoplenty:toadstool":16,"minecraft:iron_nugget":2,"minecraft:stone_sword":2,"minecraft:cobbled_deepslate":1,"minecraft:wheat":2,"epicpaladins:bloodstone_gem":35,"minecraft:rotten_flesh":57,"biomesoplenty:redwood_planks":6,"minecraft:deepslate_bricks":2,"biomesoplenty:fir_planks":2,"minecraft:skeleton_skull":2,"minecraft:bundle":1,"minecraft:charcoal":1,"minecraft:andesite":5,"minecraft:beetroot_seeds":11,"minecraft:oak_sapling":2,"tombstone:essence_of_undeath":3,"minecraft:glass":2,"minecraft:arrow":6,"minecraft:stone_pickaxe":2,"minecraft:wooden_pickaxe":5,"minecraft:raw_gold":1,"biomesoplenty:tall_lavender":5,"naturalist:duck":2},"minecraft:broken":{"minecraft:stone_sword":1,"minecraft:stone_axe":3,"minecraft:wooden_axe":1,"minecraft:stone_shovel":5},"minecraft:used":{"minecraft:stone_sword":250,"biomesoplenty:redwood_door":3,"biomesoplenty:redwood_planks":66,"minecraft:stone_shovel":916,"minecraft:chest":3,"minecraft:iron_sword":36,"minecraft:cooked_chicken":2,"minecraft:rotten_flesh":2,"minecraft:stone_hoe":79,"minecraft:torch":206,"minecraft:dirt":198,"minecraft:carrot":141,"minecraft:granite":8,"biomesoplenty:redwood_log":1,"minecraft:wooden_axe":60,"rechiseled:cobblestone_worn_stripes":2,"soulsweapons:draugr":30,"minecraft:lava_bucket":12,"rechiseled:mossy_cobblestone_dented":1,"biomesoplenty:fir_sapling":2,"biomesoplenty:redwood_boat":3,"minecraft:dark_oak_boat":6,"minecraft:hay_block":1,"minecraft:furnace":5,"biomesoplenty:fir_fence_gate":5,"tombstone:gift":5,"minecraft:skeleton_skull":1,"minecraft:egg":25,"minecraft:cooked_beef":1,"minecraft:potato":11,"minecraft:cobbled_deepslate":3,"rechiseled:cobblestone_stripes":5,"minecraft:pumpkin":36,"biomesoplenty:fir_fence":40,"minecraft:wheat_seeds":107,"minecraft:cooked_mutton":1,"minecraft:water_bucket":6,"minecraft:baked_potato":48,"minecraft:stone_pickaxe":109,"minecraft:wooden_pickaxe":35,"minecraft:sugar_cane":7,"minecraft:blue_bed":4,"biomesoplenty:lavender":8,"biomesoplenty:fir_boat":15,"soulsweapons:bluemoon_greatsword":142,"minecraft:sand":1,"minecraft:crafting_table":12,"minecraft:white_bed":3,"minecraft:purple_stained_glass":2,"rechiseled:cobblestone_large_squares":1,"minecraft:apple":3,"minecraft:iron_pickaxe":347,"minecraft:bread":14,"tombstone:grave_key":11,"minecraft:gravel":11,"biomesoplenty:toadstool":1,"minecraft:stone_axe":481,"minecraft:cobblestone":64,"minecraft:andesite":7,"minecraft:bucket":19,"biomesoplenty:fir_log":1},"minecraft:picked_up":{"biomesoplenty:redwood_log":28,"minecraft:wheat":65,"minecraft:chicken":2,"minecraft:lead":12,"minecraft:wooden_pickaxe":4,"soulsweapons:moonstone":20,"minecraft:enchanted_book":1,"minecraft:cornflower":23,"minecraft:red_bed":1,"minecraft:string":3,"minecraft:raw_copper":9,"biomesoplenty:tall_lavender":13,"epicpaladins:bloodstone_gem":35,"minecraft:cobbled_deepslate":7,"biomesoplenty:fir_planks":1,"minecraft:beef":8,"minecraft:white_tulip":3,"minecraft:iron_nugget":1,"minecraft:poppy":2,"minecraft:iron_pickaxe":1,"minecraft:sugar_cane":7,"minecraft:chest":1,"minecraft:furnace":1,"minecraft:egg":26,"minecraft:stick":6,"minecraft:raw_iron":33,"naturalist:duck":2,"biomesoplenty:redwood_boat":2,"epicpaladins:arclight_gem":2,"minecraft:torch":149,"tombstone:grave_dust":7,"minecraft:carrot":136,"minecraft:redstone":15,"minecraft:dark_oak_planks":1,"biomesoplenty:fir_fence_gate":2,"biomesoplenty:redwood_planks":1,"minecraft:stone_sword":1,"minecraft:arrow":6,"minecraft:rotten_flesh":45,"epicpaladins:cryorium_gem":9,"minecraft:peony":2,"minecraft:red_tulip":24,"minecraft:deepslate_bricks":2,"minecraft:hay_block":1,"soulsweapons:draugr":1,"tombstone:essence_of_undeath":4,"minecraft:mutton":2,"minecraft:snowball":13,"minecraft:skeleton_skull":3,"minecraft:white_wool":5,"minecraft:cobblestone":152,"minecraft:oxeye_daisy":17,"biomesoplenty:lavender":225,"minecraft:feather":11,"minecraft:lilac":1,"minecraft:andesite":12,"biomesoplenty:fir_sapling":6,"minecraft:leather":5,"minecraft:dark_oak_boat":5,"minecraft:potato":56,"biomesoplenty:fir_log":262,"biomesoplenty:redwood_door":2,"minecraft:flint":5,"minecraft:oak_log":25,"minecraft:gunpowder":5,"minecraft:dirt":256,"minecraft:blue_bed":4,"minecraft:cooked_mutton":1,"minecraft:glass":2,"minecraft:bone":2,"minecraft:orange_tulip":69,"minecraft:wheat_seeds":261,"biomesoplenty:fir_boat":12,"minecraft:raw_gold":2,"minecraft:stone_pickaxe":1,"minecraft:moss_block":1,"minecraft:iron_sword":1,"biomesoplenty:toadstool":28,"minecraft:pumpkin":118,"minecraft:gravel":74,"minecraft:sand":802,"biomesoplenty:fir_fence":15,"minecraft:spruce_sapling":1,"minecraft:white_bed":3,"minecraft:lily_of_the_valley":30,"minecraft:dark_oak_log":8,"tombstone:scroll_of_true_sight":1,"minecraft:bundle":1,"minecraft:diamond":6,"minecraft:granite":8,"soulsweapons:verglas":2,"minecraft:bread":1,"minecraft:oak_sapling":2,"minecraft:coal":84},"minecraft:mined":{"biomesoplenty:orange_autumn_leaves":3,"minecraft:tuff":1,"minecraft:white_bed":2,"minecraft:deepslate_diamond_ore":7,"epicpaladins:cryorium_ore":6,"minecraft:dark_oak_log":8,"minecraft:granite":15,"biomesoplenty:bush":57,"minecraft:grass_block":175,"minecraft:deepslate_bricks":1,"minecraft:spruce_leaves":4,"minecraft:oxeye_daisy":17,"epicpaladins:deepslate_arclight_ore":2,"minecraft:hay_block":1,"minecraft:redstone_ore":4,"biomesoplenty:tall_lavender":14,"minecraft:furnace":1,"minecraft:carrots":42,"biomesoplenty:toadstool":1,"minecraft:iron_ore":26,"minecraft:fire":1,"biomesoplenty:lavender":166,"minecraft:andesite":13,"minecraft:pumpkin":59,"minecraft:peony":2,"minecraft:red_tulip":24,"soulsweapons:moonstone_ore_deepslate":23,"minecraft:potatoes":55,"minecraft:deepslate_iron_ore":8,"biomesoplenty:redwood_log":28,"minecraft:white_tulip":3,"biomesoplenty:webbing":2,"minecraft:packed_ice":14,"minecraft:stone":142,"biomesoplenty:redwood_planks":1,"minecraft:lily_of_the_valley":30,"epicpaladins:deepslate_bloodstone_ore":17,"soulsweapons:verglas_ore_deepslate":2,"minecraft:cornflower":23,"minecraft:crafting_table":1,"minecraft:torch":133,"minecraft:poppy":3,"minecraft:chest":1,"minecraft:copper_ore":3,"minecraft:tall_grass":14,"minecraft:cobblestone":26,"minecraft:deepslate_coal_ore":2,"minecraft:deepslate_gold_ore":4,"minecraft:sugar_cane":4,"minecraft:diorite":7,"minecraft:blue_bed":4,"minecraft:wall_torch":13,"minecraft:skeleton_skull":2,"biomesoplenty:fir_fence_gate":2,"minecraft:purple_stained_glass":2,"biomesoplenty:fir_fence":15,"minecraft:wheat":88,"epicpaladins:deepslate_cryorium_ore":3,"minecraft:lilac":1,"biomesoplenty:maple_leaves":1,"minecraft:orange_tulip":69,"biomesoplenty:fir_log":274,"minecraft:grass":434,"minecraft:oak_log":22,"minecraft:coal_ore":79,"biomesoplenty:fir_leaves":49,"minecraft:gravel":48,"minecraft:dirt":85,"minecraft:sand":511,"biomesoplenty:stringy_cobweb":1,"minecraft:deepslate":16,"biomesoplenty:redwood_wood":11,"minecraft:oak_leaves":23,"minecraft:fern":6,"soulsweapons:verglas_ore":1},"minecraft:custom":{"minecraft:interact_with_anvil":1,"minecraft:mob_kills":47,"minecraft:animals_bred":36,"minecraft:interact_with_crafting_table":58,"minecraft:open_barrel":3,"minecraft:leave_game":8,"minecraft:time_since_death":108089,"minecraft:climb_one_cm":1636,"minecraft:sprint_one_cm":1118055,"minecraft:walk_one_cm":1004560,"minecraft:drop":115,"minecraft:talked_to_villager":5,"minecraft:play_time":459639,"minecraft:sneak_time":17472,"minecraft:deaths":15,"minecraft:walk_under_water_one_cm":16684,"minecraft:boat_one_cm":608035,"minecraft:jump":7959,"minecraft:interact_with_blast_furnace":1,"minecraft:walk_on_water_one_cm":40941,"minecraft:total_world_time":459639,"minecraft:interact_with_furnace":104,"minecraft:sleep_in_bed":26,"minecraft:time_since_rest":0,"minecraft:damage_taken":6147,"minecraft:damage_dealt":9883,"minecraft:swim_one_cm":58466,"minecraft:fly_one_cm":1943290,"minecraft:open_chest":94,"minecraft:crouch_one_cm":81209,"tombstone:undead_killed":24,"minecraft:fall_one_cm":186873}},"DataVersion":3465}