{"stats":{"minecraft:mined":{"minecraft:white_bed":1,"minecraft:carrots":5,"biomesoplenty:toadstool":1,"minecraft:wheat":11,"biomesoplenty:maple_leaves":1,"biomesoplenty:fir_log":34,"minecraft:grass":1,"minecraft:potatoes":55,"biomesoplenty:fir_leaves":2,"minecraft:chest":1,"minecraft:packed_ice":14},"minecraft:used":{"biomesoplenty:fir_boat":3,"biomesoplenty:toadstool":1,"minecraft:crafting_table":1,"minecraft:potato":2},"minecraft:picked_up":{"biomesoplenty:toadstool":1,"minecraft:potato":55,"biomesoplenty:fir_log":34,"minecraft:white_bed":1,"minecraft:carrot":5,"minecraft:rotten_flesh":1,"minecraft:wheat_seeds":10,"biomesoplenty:fir_boat":2,"minecraft:chest":1,"minecraft:snowball":13},"minecraft:crafted":{"biomesoplenty:fir_planks":12,"biomesoplenty:fir_boat":1,"minecraft:charcoal":5,"minecraft:crafting_table":1,"minecraft:air":0},"minecraft:custom":{"minecraft:time_since_rest":3738,"minecraft:interact_with_furnace":9,"minecraft:sprint_one_cm":33875,"minecraft:walk_one_cm":78763,"minecraft:damage_dealt":10,"minecraft:interact_with_crafting_table":1,"minecraft:talked_to_villager":3,"minecraft:fly_one_cm":71227,"minecraft:open_chest":3,"minecraft:crouch_one_cm":484,"minecraft:play_time":16026,"minecraft:sneak_time":90,"minecraft:walk_under_water_one_cm":184,"minecraft:boat_one_cm":42615,"minecraft:jump":484,"minecraft:leave_game":1,"minecraft:time_since_death":16026,"minecraft:walk_on_water_one_cm":504,"minecraft:sleep_in_bed":1,"minecraft:total_world_time":16026,"minecraft:fall_one_cm":4180}},"DataVersion":3465}