{"stats":{"minecraft:killed_by":{"minecraft:creeper":1,"minecraft:enderman":3,"soulsweapons:night_shade":6,"minecraft:skeleton":1,"minecraft:zombie":1},"minecraft:killed":{"minecraft:spider":2,"naturalist:duck":1,"naturalist:snail":1,"minecraft:skeleton":7,"minecraft:chicken":3,"soulsweapons:draugr_boss":1,"minecraft:creeper":5,"minecraft:sheep":1,"minecraft:trader_llama":1,"minecraft:zombie":13,"minecraft:cow":4,"minecraft:enderman":3},"minecraft:crafted":{"minecraft:oak_planks":20,"minecraft:stone_shovel":2,"minecraft:dark_oak_boat":1,"minecraft:cooked_chicken":2,"minecraft:furnace":1,"minecraft:iron_boots":1,"tombstone:grave_key":4,"minecraft:stone_pickaxe":1,"minecraft:chest":1,"minecraft:dark_oak_planks":32,"minecraft:stone_hoe":1,"soulsweapons:bluemoon_greatsword":1,"biomesoplenty:fir_boat":3,"biomesoplenty:redwood_door":3,"minecraft:crafting_table":11,"biomesoplenty:redwood_planks":104,"minecraft:iron_helmet":1,"minecraft:baked_potato":64,"minecraft:wooden_pickaxe":1,"minecraft:iron_sword":1,"minecraft:bucket":1,"minecraft:stone_axe":2,"minecraft:bread":6,"minecraft:air":0,"rechiseled:chisel":1,"biomesoplenty:fir_planks":104,"biomesoplenty:fir_fence":27,"minecraft:iron_chestplate":1,"minecraft:charcoal":16,"minecraft:stick":76,"minecraft:iron_ingot":29,"minecraft:iron_pickaxe":2,"minecraft:wooden_axe":1,"minecraft:stone_sword":2,"minecraft:torch":60,"biomesoplenty:fir_fence_gate":3},"minecraft:dropped":{"minecraft:bread":5,"minecraft:iron_sword":1,"minecraft:moss_block":2,"minecraft:wheat_seeds":20,"minecraft:oak_log":3,"minecraft:baked_potato":16,"biomesoplenty:lavender":13,"minecraft:feather":9,"minecraft:cobblestone":8,"minecraft:stick":3,"minecraft:dirt":8,"biomesoplenty:redwood_log":1,"tombstone:scroll_of_true_sight":1,"minecraft:snowball":3,"minecraft:pumpkin":59,"minecraft:iron_pickaxe":2,"minecraft:string":1,"minecraft:dark_oak_planks":2,"minecraft:white_wool":1,"minecraft:spruce_sapling":1,"minecraft:bone":2,"minecraft:gravel":1,"biomesoplenty:toadstool":14,"minecraft:iron_nugget":2,"minecraft:stone_sword":2,"minecraft:cobbled_deepslate":1,"minecraft:wheat":2,"epicpaladins:bloodstone_gem":35,"minecraft:rotten_flesh":50,"minecraft:deepslate_bricks":2,"biomesoplenty:fir_planks":2,"minecraft:skeleton_skull":2,"minecraft:charcoal":1,"minecraft:andesite":5,"minecraft:beetroot_seeds":11,"minecraft:oak_sapling":2,"tombstone:essence_of_undeath":3,"minecraft:arrow":6,"minecraft:stone_pickaxe":2,"minecraft:wooden_pickaxe":5,"minecraft:raw_gold":1,"biomesoplenty:tall_lavender":5,"naturalist:duck":2},"minecraft:broken":{"minecraft:stone_sword":1,"minecraft:stone_axe":1,"minecraft:wooden_axe":1,"minecraft:stone_shovel":1},"minecraft:used":{"minecraft:stone_sword":250,"biomesoplenty:redwood_door":3,"biomesoplenty:redwood_planks":66,"minecraft:stone_shovel":256,"minecraft:chest":2,"minecraft:iron_sword":32,"minecraft:rotten_flesh":1,"minecraft:cooked_chicken":2,"minecraft:stone_hoe":79,"minecraft:torch":61,"minecraft:dirt":194,"minecraft:carrot":60,"minecraft:granite":8,"biomesoplenty:redwood_log":1,"minecraft:wooden_axe":60,"rechiseled:cobblestone_worn_stripes":2,"soulsweapons:draugr":26,"minecraft:lava_bucket":1,"rechiseled:mossy_cobblestone_dented":1,"minecraft:dark_oak_boat":6,"minecraft:hay_block":1,"minecraft:furnace":2,"biomesoplenty:fir_fence_gate":5,"tombstone:gift":3,"minecraft:skeleton_skull":1,"minecraft:egg":20,"minecraft:potato":11,"rechiseled:cobblestone_stripes":5,"minecraft:pumpkin":36,"biomesoplenty:fir_fence":40,"minecraft:wheat_seeds":87,"minecraft:water_bucket":6,"minecraft:baked_potato":48,"minecraft:stone_pickaxe":109,"minecraft:wooden_pickaxe":35,"minecraft:sugar_cane":7,"minecraft:blue_bed":4,"biomesoplenty:lavender":8,"biomesoplenty:fir_boat":15,"soulsweapons:bluemoon_greatsword":137,"minecraft:crafting_table":11,"minecraft:white_bed":2,"rechiseled:cobblestone_large_squares":1,"minecraft:apple":3,"minecraft:bread":11,"minecraft:iron_pickaxe":316,"tombstone:grave_key":7,"minecraft:gravel":7,"biomesoplenty:toadstool":1,"minecraft:stone_axe":223,"minecraft:cobblestone":38,"minecraft:andesite":7,"minecraft:bucket":8,"biomesoplenty:fir_log":1},"minecraft:picked_up":{"biomesoplenty:redwood_log":28,"minecraft:wheat":38,"minecraft:chicken":2,"minecraft:lead":12,"minecraft:wooden_pickaxe":4,"soulsweapons:moonstone":20,"minecraft:string":1,"minecraft:raw_copper":9,"biomesoplenty:tall_lavender":13,"epicpaladins:bloodstone_gem":35,"minecraft:cobbled_deepslate":1,"biomesoplenty:fir_planks":1,"minecraft:beef":5,"minecraft:iron_nugget":1,"minecraft:iron_pickaxe":1,"minecraft:sugar_cane":7,"minecraft:chest":1,"minecraft:furnace":1,"minecraft:egg":20,"minecraft:stick":1,"minecraft:raw_iron":33,"naturalist:duck":2,"epicpaladins:arclight_gem":2,"minecraft:torch":8,"tombstone:grave_dust":7,"minecraft:carrot":52,"minecraft:redstone":15,"minecraft:dark_oak_planks":1,"biomesoplenty:fir_fence_gate":2,"biomesoplenty:redwood_planks":1,"minecraft:stone_sword":1,"minecraft:arrow":6,"minecraft:rotten_flesh":38,"epicpaladins:cryorium_gem":9,"minecraft:deepslate_bricks":2,"minecraft:hay_block":1,"soulsweapons:draugr":1,"tombstone:essence_of_undeath":4,"minecraft:mutton":2,"minecraft:snowball":13,"minecraft:skeleton_skull":3,"minecraft:white_wool":5,"minecraft:cobblestone":123,"biomesoplenty:lavender":225,"minecraft:feather":11,"minecraft:andesite":12,"minecraft:leather":4,"minecraft:dark_oak_boat":5,"minecraft:potato":56,"biomesoplenty:fir_log":86,"biomesoplenty:redwood_door":2,"minecraft:flint":5,"minecraft:oak_log":10,"minecraft:gunpowder":5,"minecraft:dirt":253,"minecraft:blue_bed":4,"minecraft:bone":2,"minecraft:wheat_seeds":189,"biomesoplenty:fir_boat":12,"minecraft:raw_gold":2,"minecraft:stone_pickaxe":1,"minecraft:moss_block":1,"minecraft:iron_sword":1,"biomesoplenty:toadstool":15,"minecraft:pumpkin":118,"minecraft:gravel":31,"biomesoplenty:fir_fence":15,"minecraft:spruce_sapling":1,"minecraft:white_bed":2,"minecraft:dark_oak_log":8,"tombstone:scroll_of_true_sight":1,"minecraft:diamond":6,"minecraft:granite":8,"soulsweapons:verglas":2,"minecraft:bread":1,"minecraft:oak_sapling":2,"minecraft:coal":84},"minecraft:mined":{"biomesoplenty:orange_autumn_leaves":3,"minecraft:tuff":1,"minecraft:white_bed":2,"minecraft:deepslate_diamond_ore":7,"epicpaladins:cryorium_ore":6,"minecraft:dark_oak_log":8,"minecraft:granite":15,"biomesoplenty:bush":57,"minecraft:grass_block":175,"minecraft:deepslate_bricks":1,"minecraft:spruce_leaves":4,"epicpaladins:deepslate_arclight_ore":2,"minecraft:hay_block":1,"minecraft:redstone_ore":4,"biomesoplenty:tall_lavender":14,"minecraft:furnace":1,"minecraft:carrots":18,"biomesoplenty:toadstool":1,"minecraft:iron_ore":26,"minecraft:fire":1,"biomesoplenty:lavender":166,"minecraft:andesite":12,"minecraft:pumpkin":59,"soulsweapons:moonstone_ore_deepslate":23,"minecraft:potatoes":55,"biomesoplenty:redwood_log":28,"minecraft:deepslate_iron_ore":8,"biomesoplenty:webbing":2,"minecraft:packed_ice":14,"minecraft:stone":113,"biomesoplenty:redwood_planks":1,"epicpaladins:deepslate_bloodstone_ore":17,"soulsweapons:verglas_ore_deepslate":2,"minecraft:crafting_table":1,"minecraft:torch":4,"minecraft:chest":1,"minecraft:copper_ore":3,"minecraft:tall_grass":14,"minecraft:cobblestone":26,"minecraft:deepslate_coal_ore":2,"minecraft:deepslate_gold_ore":4,"minecraft:sugar_cane":4,"minecraft:diorite":7,"minecraft:blue_bed":4,"minecraft:wall_torch":4,"minecraft:skeleton_skull":2,"biomesoplenty:fir_fence_gate":2,"biomesoplenty:fir_fence":15,"minecraft:wheat":54,"epicpaladins:deepslate_cryorium_ore":3,"biomesoplenty:maple_leaves":1,"biomesoplenty:fir_log":89,"minecraft:grass":427,"minecraft:oak_log":7,"minecraft:coal_ore":79,"biomesoplenty:fir_leaves":4,"minecraft:gravel":35,"minecraft:dirt":82,"biomesoplenty:stringy_cobweb":1,"minecraft:deepslate":16,"biomesoplenty:redwood_wood":11,"minecraft:oak_leaves":13,"minecraft:fern":1,"soulsweapons:verglas_ore":1},"minecraft:custom":{"minecraft:interact_with_anvil":1,"minecraft:mob_kills":43,"minecraft:animals_bred":25,"minecraft:interact_with_crafting_table":46,"minecraft:open_barrel":2,"minecraft:leave_game":7,"minecraft:time_since_death":133654,"minecraft:climb_one_cm":1636,"minecraft:sprint_one_cm":846141,"minecraft:walk_one_cm":776478,"minecraft:drop":97,"minecraft:talked_to_villager":5,"minecraft:play_time":339239,"minecraft:sneak_time":11695,"minecraft:deaths":13,"minecraft:walk_under_water_one_cm":11563,"minecraft:boat_one_cm":426540,"minecraft:jump":5711,"minecraft:interact_with_blast_furnace":1,"minecraft:walk_on_water_one_cm":30769,"minecraft:total_world_time":339239,"minecraft:interact_with_furnace":62,"minecraft:sleep_in_bed":16,"minecraft:time_since_rest":15838,"minecraft:damage_taken":5385,"minecraft:damage_dealt":9215,"minecraft:swim_one_cm":35763,"minecraft:fly_one_cm":1407797,"minecraft:open_chest":73,"minecraft:crouch_one_cm":48356,"tombstone:undead_killed":21,"minecraft:fall_one_cm":136676}},"DataVersion":3465}