{"stats":{"minecraft:mined":{"biomesoplenty:orange_autumn_leaves":3,"minecraft:white_bed":1,"minecraft:dark_oak_log":8,"minecraft:crafting_table":1,"minecraft:torch":1,"minecraft:grass_block":112,"minecraft:chest":1,"minecraft:deepslate_bricks":1,"minecraft:spruce_leaves":4,"minecraft:blue_bed":4,"minecraft:skeleton_skull":2,"minecraft:hay_block":1,"minecraft:furnace":1,"minecraft:carrots":5,"biomesoplenty:toadstool":1,"minecraft:wheat":11,"biomesoplenty:maple_leaves":1,"minecraft:pumpkin":59,"biomesoplenty:fir_log":38,"minecraft:grass":11,"minecraft:potatoes":55,"minecraft:coal_ore":49,"biomesoplenty:redwood_log":28,"biomesoplenty:fir_leaves":2,"minecraft:dirt":48,"minecraft:packed_ice":14,"minecraft:stone":17,"biomesoplenty:redwood_wood":11,"minecraft:fern":1},"minecraft:killed_by":{"soulsweapons:night_shade":6,"minecraft:zombie":1},"minecraft:dropped":{"minecraft:moss_block":2,"minecraft:wheat_seeds":13,"minecraft:iron_nugget":1,"minecraft:stone_sword":1,"minecraft:dirt":1,"biomesoplenty:redwood_log":1},"minecraft:broken":{"minecraft:stone_sword":1,"minecraft:wooden_axe":1,"minecraft:stone_shovel":1},"minecraft:killed":{"soulsweapons:draugr_boss":1,"naturalist:duck":1},"minecraft:used":{"minecraft:stone_sword":250,"minecraft:stone_shovel":162,"minecraft:stone_pickaxe":45,"minecraft:baked_potato":14,"minecraft:chest":1,"minecraft:wooden_pickaxe":35,"biomesoplenty:fir_boat":12,"minecraft:blue_bed":4,"minecraft:torch":2,"minecraft:dirt":126,"minecraft:crafting_table":8,"biomesoplenty:redwood_log":1,"minecraft:wooden_axe":60,"soulsweapons:draugr":15,"minecraft:apple":3,"minecraft:bread":2,"biomesoplenty:toadstool":1,"minecraft:stone_axe":41,"minecraft:dark_oak_boat":1,"minecraft:hay_block":1,"tombstone:gift":3,"minecraft:skeleton_skull":1,"minecraft:potato":2},"minecraft:picked_up":{"biomesoplenty:redwood_log":28,"minecraft:feather":1,"minecraft:dark_oak_boat":1,"minecraft:potato":55,"biomesoplenty:fir_log":38,"minecraft:dirt":161,"minecraft:blue_bed":4,"minecraft:wheat_seeds":13,"biomesoplenty:fir_boat":10,"minecraft:iron_nugget":1,"minecraft:moss_block":1,"minecraft:chest":1,"minecraft:furnace":1,"biomesoplenty:toadstool":15,"naturalist:duck":1,"minecraft:pumpkin":59,"minecraft:torch":1,"minecraft:spruce_sapling":1,"minecraft:white_bed":1,"minecraft:carrot":5,"minecraft:dark_oak_log":8,"minecraft:stone_sword":1,"minecraft:rotten_flesh":1,"minecraft:deepslate_bricks":1,"minecraft:hay_block":1,"soulsweapons:draugr":1,"minecraft:snowball":13,"minecraft:coal":49,"minecraft:skeleton_skull":2,"minecraft:cobblestone":17},"minecraft:crafted":{"minecraft:stone_shovel":2,"biomesoplenty:fir_boat":2,"minecraft:dark_oak_boat":1,"minecraft:crafting_table":8,"biomesoplenty:redwood_planks":104,"minecraft:wooden_pickaxe":1,"minecraft:baked_potato":64,"minecraft:stone_axe":1,"minecraft:air":0,"biomesoplenty:fir_planks":44,"minecraft:charcoal":16,"tombstone:grave_key":1,"minecraft:stick":16,"minecraft:stone_pickaxe":1,"minecraft:wooden_axe":1,"minecraft:stone_sword":2,"minecraft:dark_oak_planks":32,"minecraft:torch":8},"minecraft:custom":{"minecraft:interact_with_furnace":31,"minecraft:interact_with_anvil":1,"minecraft:mob_kills":2,"minecraft:interact_with_crafting_table":10,"minecraft:open_barrel":2,"minecraft:leave_game":2,"minecraft:time_since_death":34206,"minecraft:sleep_in_bed":6,"minecraft:climb_one_cm":1636,"minecraft:time_since_rest":16762,"minecraft:sprint_one_cm":283238,"minecraft:damage_taken":2240,"minecraft:walk_one_cm":178119,"minecraft:drop":7,"minecraft:damage_dealt":2096,"minecraft:swim_one_cm":13044,"minecraft:talked_to_villager":3,"minecraft:fly_one_cm":497028,"minecraft:open_chest":25,"minecraft:crouch_one_cm":16194,"minecraft:play_time":94025,"tombstone:undead_killed":1,"minecraft:deaths":7,"minecraft:sneak_time":3017,"minecraft:walk_under_water_one_cm":2791,"minecraft:boat_one_cm":203130,"minecraft:jump":2023,"minecraft:interact_with_blast_furnace":1,"minecraft:walk_on_water_one_cm":7680,"minecraft:total_world_time":94025,"minecraft:fall_one_cm":42849}},"DataVersion":3465}