{"stats":{"minecraft:mined":{"biomesoplenty:orange_autumn_leaves":3,"minecraft:tuff":1,"minecraft:white_bed":1,"minecraft:deepslate_diamond_ore":6,"minecraft:dark_oak_log":8,"minecraft:grass_block":112,"minecraft:deepslate_bricks":1,"minecraft:spruce_leaves":4,"epicpaladins:deepslate_arclight_ore":2,"minecraft:hay_block":1,"minecraft:furnace":1,"minecraft:carrots":5,"biomesoplenty:toadstool":1,"minecraft:iron_ore":9,"minecraft:andesite":5,"minecraft:pumpkin":59,"soulsweapons:moonstone_ore_deepslate":16,"minecraft:potatoes":55,"biomesoplenty:redwood_log":28,"minecraft:deepslate_iron_ore":8,"biomesoplenty:webbing":2,"minecraft:packed_ice":14,"minecraft:stone":57,"epicpaladins:deepslate_bloodstone_ore":17,"soulsweapons:verglas_ore_deepslate":2,"minecraft:crafting_table":1,"minecraft:torch":1,"minecraft:chest":1,"minecraft:deepslate_gold_ore":4,"minecraft:diorite":4,"minecraft:blue_bed":4,"minecraft:skeleton_skull":2,"minecraft:wheat":11,"biomesoplenty:maple_leaves":1,"biomesoplenty:fir_log":38,"minecraft:grass":11,"minecraft:coal_ore":49,"biomesoplenty:fir_leaves":2,"minecraft:dirt":52,"biomesoplenty:stringy_cobweb":1,"biomesoplenty:redwood_wood":11,"minecraft:deepslate":13,"minecraft:fern":1},"minecraft:killed_by":{"minecraft:creeper":1,"soulsweapons:night_shade":6,"minecraft:zombie":1},"minecraft:dropped":{"minecraft:moss_block":2,"minecraft:wheat_seeds":13,"minecraft:baked_potato":16,"minecraft:feather":1,"minecraft:stick":3,"minecraft:dirt":1,"biomesoplenty:redwood_log":1,"minecraft:snowball":3,"minecraft:spruce_sapling":1,"biomesoplenty:toadstool":14,"minecraft:iron_nugget":2,"minecraft:stone_sword":2,"minecraft:cobbled_deepslate":1,"minecraft:rotten_flesh":33,"minecraft:deepslate_bricks":2,"minecraft:skeleton_skull":2,"minecraft:charcoal":1,"minecraft:andesite":5,"minecraft:beetroot_seeds":11,"minecraft:arrow":1,"minecraft:wooden_pickaxe":1,"naturalist:duck":1},"minecraft:broken":{"minecraft:stone_sword":1,"minecraft:wooden_axe":1,"minecraft:stone_shovel":1},"minecraft:killed":{"naturalist:duck":1,"minecraft:skeleton":1,"soulsweapons:draugr_boss":1,"minecraft:creeper":4,"minecraft:zombie":2},"minecraft:used":{"minecraft:stone_sword":250,"minecraft:stone_shovel":162,"minecraft:chest":1,"minecraft:torch":39,"minecraft:dirt":129,"biomesoplenty:redwood_log":1,"minecraft:wooden_axe":60,"soulsweapons:draugr":21,"minecraft:dark_oak_boat":1,"minecraft:hay_block":1,"minecraft:furnace":1,"tombstone:gift":3,"minecraft:skeleton_skull":1,"minecraft:potato":10,"minecraft:stone_pickaxe":109,"minecraft:baked_potato":20,"minecraft:wooden_pickaxe":35,"biomesoplenty:fir_boat":12,"minecraft:blue_bed":4,"soulsweapons:bluemoon_greatsword":24,"minecraft:crafting_table":10,"minecraft:apple":3,"minecraft:bread":2,"minecraft:iron_pickaxe":64,"tombstone:grave_key":1,"biomesoplenty:toadstool":1,"minecraft:stone_axe":41},"minecraft:picked_up":{"biomesoplenty:redwood_log":28,"minecraft:wooden_pickaxe":2,"soulsweapons:moonstone":13,"epicpaladins:bloodstone_gem":17,"minecraft:cobbled_deepslate":1,"minecraft:iron_nugget":1,"minecraft:chest":1,"minecraft:furnace":1,"minecraft:stick":1,"minecraft:raw_iron":16,"naturalist:duck":2,"epicpaladins:arclight_gem":2,"minecraft:torch":1,"tombstone:grave_dust":4,"minecraft:carrot":5,"minecraft:stone_sword":1,"minecraft:arrow":1,"minecraft:rotten_flesh":19,"minecraft:deepslate_bricks":2,"minecraft:hay_block":1,"soulsweapons:draugr":1,"minecraft:skeleton_skull":3,"minecraft:snowball":13,"minecraft:cobblestone":42,"minecraft:feather":1,"minecraft:andesite":5,"minecraft:dark_oak_boat":1,"minecraft:potato":55,"biomesoplenty:fir_log":38,"minecraft:gunpowder":5,"minecraft:blue_bed":4,"minecraft:dirt":164,"minecraft:wheat_seeds":13,"biomesoplenty:fir_boat":10,"minecraft:raw_gold":1,"minecraft:moss_block":1,"biomesoplenty:toadstool":15,"minecraft:pumpkin":59,"minecraft:spruce_sapling":1,"minecraft:white_bed":1,"minecraft:dark_oak_log":8,"minecraft:diamond":6,"soulsweapons:verglas":1,"minecraft:coal":52},"minecraft:crafted":{"minecraft:stone_shovel":2,"minecraft:dark_oak_boat":1,"tombstone:grave_key":2,"minecraft:stone_pickaxe":1,"minecraft:dark_oak_planks":32,"soulsweapons:bluemoon_greatsword":1,"biomesoplenty:fir_boat":2,"minecraft:crafting_table":10,"biomesoplenty:redwood_planks":104,"minecraft:baked_potato":64,"minecraft:wooden_pickaxe":1,"minecraft:iron_helmet":1,"minecraft:iron_sword":1,"minecraft:stone_axe":1,"minecraft:bread":6,"minecraft:air":0,"biomesoplenty:fir_planks":44,"minecraft:charcoal":16,"minecraft:stick":32,"minecraft:iron_ingot":12,"minecraft:iron_pickaxe":1,"minecraft:wooden_axe":1,"minecraft:stone_sword":2,"minecraft:torch":44},"minecraft:custom":{"minecraft:mob_kills":10,"minecraft:interact_with_anvil":1,"minecraft:interact_with_crafting_table":20,"minecraft:open_barrel":2,"minecraft:leave_game":2,"minecraft:time_since_death":18318,"minecraft:climb_one_cm":1636,"minecraft:sprint_one_cm":374114,"minecraft:walk_one_cm":264304,"minecraft:drop":29,"minecraft:talked_to_villager":3,"minecraft:play_time":130025,"minecraft:deaths":8,"minecraft:sneak_time":8226,"minecraft:walk_under_water_one_cm":3461,"minecraft:boat_one_cm":203130,"minecraft:jump":2433,"minecraft:interact_with_blast_furnace":1,"minecraft:walk_on_water_one_cm":10250,"minecraft:total_world_time":130025,"minecraft:interact_with_furnace":40,"minecraft:sleep_in_bed":6,"minecraft:time_since_rest":17340,"minecraft:damage_taken":2709,"minecraft:damage_dealt":3866,"minecraft:swim_one_cm":13044,"minecraft:fly_one_cm":558903,"minecraft:open_chest":25,"minecraft:crouch_one_cm":33259,"tombstone:undead_killed":4,"minecraft:fall_one_cm":49641}},"DataVersion":3465}