{"stats":{"minecraft:mined":{"minecraft:white_bed":1,"minecraft:furnace":1,"minecraft:carrots":5,"biomesoplenty:toadstool":1,"minecraft:wheat":11,"biomesoplenty:maple_leaves":1,"biomesoplenty:fir_log":38,"minecraft:grass":1,"minecraft:potatoes":55,"minecraft:coal_ore":16,"biomesoplenty:fir_leaves":2,"minecraft:chest":1,"minecraft:packed_ice":14,"minecraft:spruce_leaves":4,"minecraft:stone":14,"minecraft:blue_bed":2},"minecraft:killed":{"naturalist:duck":1},"minecraft:used":{"minecraft:wooden_axe":1,"minecraft:baked_potato":4,"minecraft:wooden_pickaxe":35,"biomesoplenty:fir_boat":7,"minecraft:blue_bed":1,"biomesoplenty:toadstool":1,"minecraft:crafting_table":3,"minecraft:potato":2},"minecraft:picked_up":{"biomesoplenty:toadstool":1,"naturalist:duck":1,"minecraft:feather":1,"minecraft:potato":55,"biomesoplenty:fir_log":38,"minecraft:spruce_sapling":1,"minecraft:white_bed":1,"minecraft:carrot":5,"minecraft:blue_bed":2,"minecraft:rotten_flesh":1,"minecraft:wheat_seeds":10,"biomesoplenty:fir_boat":6,"minecraft:chest":1,"minecraft:coal":16,"minecraft:snowball":13,"minecraft:cobblestone":14,"minecraft:furnace":1},"minecraft:crafted":{"biomesoplenty:fir_planks":44,"biomesoplenty:fir_boat":2,"minecraft:charcoal":16,"minecraft:crafting_table":3,"minecraft:wooden_axe":1,"minecraft:stick":8,"minecraft:wooden_pickaxe":1,"minecraft:baked_potato":64,"minecraft:stone_pickaxe":1,"minecraft:air":0},"minecraft:custom":{"minecraft:time_since_rest":8100,"minecraft:interact_with_furnace":31,"minecraft:sprint_one_cm":116116,"minecraft:damage_taken":20,"minecraft:walk_one_cm":99426,"minecraft:mob_kills":1,"minecraft:damage_dealt":70,"minecraft:swim_one_cm":2240,"minecraft:interact_with_crafting_table":4,"minecraft:talked_to_villager":3,"minecraft:fly_one_cm":187026,"minecraft:open_chest":7,"minecraft:crouch_one_cm":484,"minecraft:play_time":34026,"minecraft:sneak_time":98,"minecraft:walk_under_water_one_cm":1625,"minecraft:boat_one_cm":77175,"minecraft:jump":825,"minecraft:interact_with_blast_furnace":1,"minecraft:leave_game":1,"minecraft:time_since_death":34026,"minecraft:walk_on_water_one_cm":2922,"minecraft:sleep_in_bed":2,"minecraft:total_world_time":34026,"minecraft:fall_one_cm":11758}},"DataVersion":3465}