{"stats":{"minecraft:killed_by":{"minecraft:creeper":1,"minecraft:zombie":1,"minecraft:enderman":3,"soulsweapons:night_shade":6,"minecraft:skeleton":3},"minecraft:killed":{"minecraft:spider":2,"naturalist:snail":1,"minecraft:skeleton":8,"minecraft:chicken":3,"minecraft:creeper":5,"minecraft:sheep":1,"minecraft:trader_llama":1,"minecraft:zombie":15,"minecraft:cow":5,"naturalist:duck":1,"soulsweapons:draugr_boss":1,"minecraft:enderman":3},"minecraft:crafted":{"minecraft:oak_planks":28,"minecraft:dark_oak_boat":1,"minecraft:cooked_chicken":2,"usefulbackpacks:backpack_small":1,"minecraft:glass":727,"minecraft:iron_boots":1,"tombstone:grave_key":4,"minecraft:chest":4,"minecraft:stone_hoe":1,"minecraft:magenta_dye":2,"soulsweapons:bluemoon_greatsword":1,"minecraft:crafting_table":12,"minecraft:wooden_pickaxe":1,"minecraft:iron_helmet":1,"minecraft:baked_potato":64,"rechiseled:chisel":1,"biomesoplenty:fir_planks":124,"biomesoplenty:redwood_boat":1,"minecraft:iron_chestplate":1,"minecraft:charcoal":16,"minecraft:purple_dye":2,"minecraft:stick":104,"minecraft:light_blue_dye":78,"minecraft:iron_ingot":29,"minecraft:iron_pickaxe":2,"minecraft:stone_sword":2,"minecraft:light_blue_stained_glass":520,"minecraft:light_gray_dye":28,"minecraft:stone_shovel":6,"minecraft:furnace":6,"minecraft:stone_pickaxe":1,"minecraft:dark_oak_planks":32,"minecraft:cooked_beef":8,"minecraft:red_dye":26,"biomesoplenty:fir_boat":3,"minecraft:purple_stained_glass":8,"biomesoplenty:redwood_door":3,"biomesoplenty:redwood_planks":104,"minecraft:iron_sword":1,"minecraft:bucket":1,"minecraft:stone_axe":3,"minecraft:orange_dye":64,"minecraft:bread":6,"minecraft:air":0,"minecraft:blue_dye":39,"biomesoplenty:fir_fence":27,"minecraft:white_dye":42,"minecraft:wooden_axe":1,"minecraft:torch":60,"biomesoplenty:fir_fence_gate":3},"minecraft:dropped":{"biomesoplenty:fir_log":1,"minecraft:iron_sword":1,"minecraft:moss_block":2,"minecraft:oak_log":3,"minecraft:baked_potato":16,"minecraft:orange_tulip":5,"biomesoplenty:fir_sapling":4,"minecraft:dirt":8,"minecraft:red_bed":1,"biomesoplenty:redwood_log":1,"tombstone:scroll_of_true_sight":1,"minecraft:snowball":3,"minecraft:iron_pickaxe":3,"biomesoplenty:fir_fence":2,"minecraft:dark_oak_planks":2,"minecraft:white_wool":1,"minecraft:bone":2,"minecraft:gravel":32,"biomesoplenty:toadstool":27,"minecraft:iron_nugget":2,"minecraft:cobbled_deepslate":1,"minecraft:wheat":2,"minecraft:rotten_flesh":57,"minecraft:skeleton_skull":2,"minecraft:charcoal":1,"minecraft:beetroot_seeds":11,"minecraft:arrow":6,"minecraft:glass":2,"biomesoplenty:tall_lavender":5,"minecraft:egg":2,"minecraft:bread":5,"minecraft:wheat_seeds":20,"biomesoplenty:lavender":13,"minecraft:feather":11,"minecraft:cobblestone":11,"minecraft:stick":6,"minecraft:pumpkin":59,"minecraft:string":1,"minecraft:spruce_sapling":1,"minecraft:stone_sword":2,"epicpaladins:bloodstone_gem":35,"biomesoplenty:redwood_planks":6,"minecraft:deepslate_bricks":2,"biomesoplenty:fir_planks":6,"minecraft:peony":10,"minecraft:bundle":1,"minecraft:andesite":5,"minecraft:oak_sapling":2,"tombstone:essence_of_undeath":3,"minecraft:stone_pickaxe":2,"minecraft:wooden_pickaxe":5,"minecraft:raw_gold":1,"naturalist:duck":2},"minecraft:broken":{"minecraft:stone_axe":3,"minecraft:wooden_axe":1,"minecraft:stone_shovel":5,"minecraft:stone_sword":1},"minecraft:used":{"minecraft:chest":5,"minecraft:iron_sword":36,"minecraft:rotten_flesh":2,"minecraft:carrot":179,"minecraft:lava_bucket":16,"soulsweapons:draugr":30,"rechiseled:mossy_cobblestone_dented":1,"biomesoplenty:fir_sapling":2,"minecraft:dark_oak_boat":6,"minecraft:hay_block":1,"minecraft:furnace":5,"biomesoplenty:fir_fence_gate":5,"minecraft:skeleton_skull":1,"minecraft:egg":25,"minecraft:potato":11,"biomesoplenty:fir_fence":40,"rechiseled:cobblestone_stripes":5,"minecraft:stone_pickaxe":109,"minecraft:wooden_pickaxe":35,"biomesoplenty:fir_boat":15,"biomesoplenty:lavender":8,"minecraft:sugar_cane":7,"minecraft:blue_bed":4,"soulsweapons:bluemoon_greatsword":142,"minecraft:sand":5,"minecraft:bread":14,"tombstone:grave_key":11,"minecraft:gravel":11,"minecraft:andesite":7,"minecraft:stone_sword":250,"biomesoplenty:redwood_door":3,"minecraft:stone_shovel":916,"biomesoplenty:redwood_planks":66,"minecraft:stone_hoe":79,"minecraft:cooked_chicken":2,"minecraft:torch":206,"minecraft:dirt":408,"minecraft:granite":8,"minecraft:light_blue_stained_glass":379,"biomesoplenty:redwood_log":1,"rechiseled:cobblestone_worn_stripes":2,"minecraft:wooden_axe":60,"biomesoplenty:redwood_boat":3,"tombstone:gift":5,"minecraft:cooked_beef":6,"minecraft:cobbled_deepslate":3,"minecraft:pumpkin":36,"minecraft:wheat_seeds":107,"minecraft:cooked_mutton":1,"minecraft:water_bucket":6,"minecraft:baked_potato":48,"minecraft:crafting_table":12,"minecraft:white_bed":3,"minecraft:purple_stained_glass":2,"rechiseled:cobblestone_large_squares":1,"minecraft:apple":3,"minecraft:iron_pickaxe":352,"biomesoplenty:toadstool":1,"minecraft:stone_axe":481,"minecraft:cobblestone":64,"minecraft:bucket":23,"biomesoplenty:fir_log":1},"minecraft:picked_up":{"minecraft:wheat":65,"minecraft:lead":12,"soulsweapons:moonstone":20,"minecraft:enchanted_book":1,"minecraft:string":3,"minecraft:raw_copper":9,"biomesoplenty:tall_lavender":13,"epicpaladins:bloodstone_gem":35,"minecraft:cobbled_deepslate":7,"biomesoplenty:fir_planks":5,"minecraft:red_dye":26,"minecraft:white_tulip":9,"minecraft:iron_pickaxe":2,"minecraft:furnace":1,"minecraft:stick":6,"biomesoplenty:redwood_boat":2,"epicpaladins:arclight_gem":2,"minecraft:torch":149,"tombstone:grave_dust":7,"biomesoplenty:fir_fence_gate":2,"minecraft:stone_sword":1,"minecraft:rotten_flesh":45,"epicpaladins:cryorium_gem":9,"minecraft:red_tulip":24,"minecraft:snowball":13,"minecraft:cobblestone":152,"biomesoplenty:lavender":225,"minecraft:feather":11,"minecraft:lilac":1,"minecraft:andesite":12,"minecraft:dark_oak_boat":5,"minecraft:potato":56,"biomesoplenty:fir_sapling":6,"biomesoplenty:fir_log":262,"minecraft:magenta_dye":2,"biomesoplenty:redwood_door":3,"minecraft:flint":5,"minecraft:light_gray_dye":20,"minecraft:purple_stained_glass":6,"minecraft:dirt":312,"minecraft:glass":2,"minecraft:bone":2,"minecraft:orange_tulip":69,"minecraft:wheat_seeds":261,"biomesoplenty:fir_boat":12,"minecraft:raw_gold":2,"minecraft:moss_block":1,"biomesoplenty:toadstool":28,"minecraft:sand":802,"biomesoplenty:fir_fence":20,"minecraft:lily_of_the_valley":42,"minecraft:dark_oak_log":8,"minecraft:bundle":1,"minecraft:diamond":6,"minecraft:granite":8,"soulsweapons:verglas":2,"minecraft:bread":1,"minecraft:oak_sapling":2,"biomesoplenty:redwood_log":28,"minecraft:azure_bluet":1,"minecraft:chicken":2,"minecraft:wooden_pickaxe":4,"minecraft:cornflower":52,"minecraft:red_bed":1,"minecraft:beef":21,"minecraft:iron_nugget":1,"minecraft:poppy":2,"minecraft:chest":1,"minecraft:sugar_cane":7,"minecraft:egg":27,"minecraft:orange_dye":64,"minecraft:raw_iron":33,"naturalist:duck":2,"minecraft:white_dye":15,"minecraft:carrot":136,"minecraft:redstone":15,"minecraft:dark_oak_planks":1,"biomesoplenty:redwood_planks":4,"minecraft:arrow":6,"minecraft:peony":12,"minecraft:deepslate_bricks":2,"minecraft:hay_block":1,"soulsweapons:draugr":1,"tombstone:essence_of_undeath":4,"minecraft:mutton":2,"minecraft:skeleton_skull":3,"minecraft:white_wool":5,"minecraft:oxeye_daisy":18,"minecraft:purple_dye":1,"minecraft:leather":11,"minecraft:oak_log":25,"minecraft:gunpowder":5,"minecraft:blue_bed":4,"minecraft:cooked_mutton":1,"minecraft:stone_pickaxe":1,"minecraft:iron_sword":1,"minecraft:pumpkin":118,"minecraft:gravel":74,"minecraft:spruce_sapling":1,"minecraft:white_bed":3,"tombstone:scroll_of_true_sight":1,"minecraft:coal":84},"minecraft:mined":{"minecraft:white_bed":2,"epicpaladins:cryorium_ore":6,"minecraft:granite":15,"minecraft:grass_block":175,"minecraft:deepslate_bricks":1,"minecraft:oxeye_daisy":18,"minecraft:light_blue_stained_glass":43,"biomesoplenty:tall_lavender":21,"minecraft:iron_ore":26,"minecraft:fire":1,"biomesoplenty:lavender":342,"minecraft:pumpkin":59,"minecraft:azure_bluet":1,"minecraft:red_tulip":24,"biomesoplenty:redwood_log":28,"biomesoplenty:webbing":2,"soulsweapons:verglas_ore_deepslate":2,"minecraft:torch":133,"minecraft:poppy":3,"minecraft:chest":1,"minecraft:cobblestone":27,"minecraft:sugar_cane":4,"minecraft:wall_torch":13,"minecraft:skeleton_skull":2,"minecraft:wheat":88,"epicpaladins:deepslate_cryorium_ore":3,"minecraft:lilac":1,"biomesoplenty:maple_leaves":1,"minecraft:orange_tulip":69,"biomesoplenty:fir_log":274,"minecraft:grass":624,"minecraft:oak_log":22,"minecraft:sand":511,"minecraft:dirt":181,"minecraft:oak_leaves":24,"minecraft:deepslate":16,"soulsweapons:verglas_ore":1,"biomesoplenty:orange_autumn_leaves":3,"minecraft:tuff":1,"minecraft:deepslate_diamond_ore":7,"minecraft:dark_oak_log":8,"biomesoplenty:bush":57,"minecraft:spruce_leaves":4,"epicpaladins:deepslate_arclight_ore":2,"minecraft:hay_block":1,"minecraft:redstone_ore":4,"minecraft:furnace":1,"minecraft:carrots":42,"biomesoplenty:toadstool":1,"minecraft:andesite":13,"minecraft:peony":4,"minecraft:polished_deepslate":2,"soulsweapons:moonstone_ore_deepslate":23,"minecraft:potatoes":55,"minecraft:deepslate_iron_ore":8,"minecraft:packed_ice":14,"minecraft:stone":142,"minecraft:white_tulip":9,"biomesoplenty:redwood_planks":1,"minecraft:glass_pane":1,"epicpaladins:deepslate_bloodstone_ore":17,"minecraft:lily_of_the_valley":42,"minecraft:dandelion":2,"minecraft:crafting_table":1,"minecraft:cornflower":52,"minecraft:tall_grass":32,"minecraft:copper_ore":3,"minecraft:deepslate_coal_ore":2,"minecraft:deepslate_gold_ore":4,"minecraft:diorite":7,"minecraft:blue_bed":4,"biomesoplenty:fir_fence_gate":2,"biomesoplenty:fir_fence":15,"minecraft:purple_stained_glass":2,"minecraft:coal_ore":79,"biomesoplenty:fir_leaves":49,"minecraft:gravel":48,"biomesoplenty:stringy_cobweb":1,"biomesoplenty:redwood_wood":11,"minecraft:fern":6},"minecraft:custom":{"minecraft:animals_bred":36,"minecraft:interact_with_crafting_table":63,"minecraft:open_barrel":5,"minecraft:leave_game":9,"minecraft:time_since_death":209023,"minecraft:sprint_one_cm":1311192,"minecraft:drop":123,"minecraft:talked_to_villager":6,"minecraft:play_time":560573,"minecraft:deaths":15,"minecraft:jump":9454,"minecraft:walk_on_water_one_cm":47392,"minecraft:interact_with_furnace":110,"minecraft:sleep_in_bed":29,"minecraft:damage_dealt":9893,"minecraft:crouch_one_cm":188059,"tombstone:undead_killed":24,"minecraft:mob_kills":47,"minecraft:interact_with_anvil":1,"minecraft:climb_one_cm":2940,"minecraft:walk_one_cm":1108307,"minecraft:sneak_time":48848,"minecraft:walk_under_water_one_cm":25533,"minecraft:boat_one_cm":608035,"minecraft:interact_with_blast_furnace":1,"minecraft:total_world_time":560573,"minecraft:time_since_rest":53599,"minecraft:damage_taken":6391,"minecraft:swim_one_cm":113814,"minecraft:fly_one_cm":2397527,"minecraft:open_chest":108,"minecraft:fall_one_cm":222468}},"DataVersion":3465}