{"stats":{"minecraft:mined":{"biomesoplenty:orange_autumn_leaves":3,"minecraft:tuff":1,"minecraft:white_bed":1,"minecraft:deepslate_diamond_ore":6,"minecraft:dark_oak_log":8,"minecraft:granite":7,"minecraft:grass_block":121,"minecraft:deepslate_bricks":1,"minecraft:spruce_leaves":4,"epicpaladins:deepslate_arclight_ore":2,"minecraft:hay_block":1,"biomesoplenty:tall_lavender":3,"minecraft:furnace":1,"minecraft:carrots":5,"biomesoplenty:toadstool":1,"minecraft:iron_ore":20,"minecraft:fire":1,"biomesoplenty:lavender":17,"minecraft:andesite":5,"minecraft:pumpkin":59,"soulsweapons:moonstone_ore_deepslate":19,"minecraft:potatoes":55,"biomesoplenty:redwood_log":28,"minecraft:deepslate_iron_ore":8,"biomesoplenty:webbing":2,"minecraft:packed_ice":14,"minecraft:stone":62,"biomesoplenty:redwood_planks":1,"epicpaladins:deepslate_bloodstone_ore":17,"soulsweapons:verglas_ore_deepslate":2,"minecraft:crafting_table":1,"minecraft:torch":1,"minecraft:chest":1,"minecraft:deepslate_gold_ore":4,"minecraft:diorite":7,"minecraft:blue_bed":4,"minecraft:skeleton_skull":2,"epicpaladins:deepslate_cryorium_ore":3,"minecraft:wheat":11,"biomesoplenty:maple_leaves":1,"biomesoplenty:fir_log":38,"minecraft:grass":23,"minecraft:coal_ore":53,"biomesoplenty:fir_leaves":2,"minecraft:dirt":55,"biomesoplenty:stringy_cobweb":1,"biomesoplenty:redwood_wood":11,"minecraft:deepslate":14,"minecraft:fern":1},"minecraft:killed_by":{"minecraft:creeper":1,"minecraft:enderman":1,"soulsweapons:night_shade":6,"minecraft:skeleton":1,"minecraft:zombie":1},"minecraft:dropped":{"minecraft:moss_block":2,"minecraft:wheat_seeds":17,"minecraft:baked_potato":16,"biomesoplenty:lavender":2,"minecraft:feather":1,"minecraft:stick":3,"minecraft:dirt":6,"biomesoplenty:redwood_log":1,"minecraft:snowball":3,"minecraft:pumpkin":59,"minecraft:dark_oak_planks":2,"minecraft:spruce_sapling":1,"biomesoplenty:toadstool":14,"minecraft:iron_nugget":2,"minecraft:stone_sword":2,"minecraft:cobbled_deepslate":1,"minecraft:wheat":2,"minecraft:rotten_flesh":45,"minecraft:deepslate_bricks":2,"minecraft:skeleton_skull":2,"minecraft:charcoal":1,"minecraft:andesite":5,"minecraft:beetroot_seeds":11,"minecraft:arrow":1,"minecraft:wooden_pickaxe":1,"minecraft:raw_gold":1,"biomesoplenty:tall_lavender":2,"naturalist:duck":1},"minecraft:broken":{"minecraft:stone_sword":1,"minecraft:wooden_axe":1,"minecraft:stone_shovel":1},"minecraft:killed":{"naturalist:duck":1,"minecraft:skeleton":5,"soulsweapons:draugr_boss":1,"minecraft:creeper":5,"minecraft:zombie":6,"minecraft:enderman":1},"minecraft:used":{"biomesoplenty:redwood_door":2,"minecraft:stone_sword":250,"biomesoplenty:redwood_planks":66,"minecraft:stone_shovel":162,"minecraft:chest":2,"minecraft:torch":45,"minecraft:dirt":162,"biomesoplenty:redwood_log":1,"minecraft:wooden_axe":60,"soulsweapons:draugr":21,"minecraft:dark_oak_boat":1,"minecraft:hay_block":1,"minecraft:furnace":1,"tombstone:gift":3,"minecraft:skeleton_skull":1,"minecraft:potato":10,"minecraft:stone_pickaxe":109,"minecraft:baked_potato":33,"minecraft:wooden_pickaxe":35,"biomesoplenty:fir_boat":12,"minecraft:blue_bed":4,"soulsweapons:bluemoon_greatsword":57,"minecraft:crafting_table":11,"minecraft:white_bed":1,"minecraft:apple":3,"minecraft:bread":2,"minecraft:iron_pickaxe":101,"tombstone:grave_key":1,"biomesoplenty:toadstool":1,"minecraft:stone_axe":42},"minecraft:picked_up":{"biomesoplenty:redwood_log":28,"minecraft:wooden_pickaxe":2,"soulsweapons:moonstone":16,"biomesoplenty:tall_lavender":2,"epicpaladins:bloodstone_gem":17,"minecraft:cobbled_deepslate":1,"minecraft:iron_nugget":1,"minecraft:chest":1,"minecraft:furnace":1,"minecraft:stick":1,"minecraft:raw_iron":27,"naturalist:duck":2,"epicpaladins:arclight_gem":2,"minecraft:torch":1,"tombstone:grave_dust":4,"minecraft:carrot":5,"minecraft:dark_oak_planks":1,"biomesoplenty:redwood_planks":1,"epicpaladins:cryorium_gem":3,"minecraft:stone_sword":1,"minecraft:arrow":1,"minecraft:rotten_flesh":30,"minecraft:deepslate_bricks":2,"minecraft:hay_block":1,"soulsweapons:draugr":1,"tombstone:essence_of_undeath":1,"minecraft:skeleton_skull":3,"minecraft:snowball":13,"minecraft:cobblestone":45,"biomesoplenty:lavender":10,"minecraft:feather":1,"minecraft:andesite":5,"minecraft:dark_oak_boat":1,"biomesoplenty:redwood_door":1,"minecraft:potato":55,"biomesoplenty:fir_log":38,"minecraft:gunpowder":5,"minecraft:blue_bed":4,"minecraft:dirt":176,"minecraft:wheat_seeds":17,"biomesoplenty:fir_boat":10,"minecraft:raw_gold":2,"minecraft:moss_block":1,"biomesoplenty:toadstool":15,"minecraft:pumpkin":118,"minecraft:spruce_sapling":1,"minecraft:white_bed":1,"minecraft:dark_oak_log":8,"minecraft:diamond":6,"soulsweapons:verglas":1,"minecraft:coal":56},"minecraft:crafted":{"minecraft:stone_shovel":2,"minecraft:dark_oak_boat":1,"tombstone:grave_key":4,"minecraft:stone_pickaxe":1,"minecraft:chest":1,"minecraft:dark_oak_planks":32,"soulsweapons:bluemoon_greatsword":1,"biomesoplenty:fir_boat":2,"biomesoplenty:redwood_door":3,"minecraft:crafting_table":11,"biomesoplenty:redwood_planks":104,"minecraft:baked_potato":64,"minecraft:wooden_pickaxe":1,"minecraft:iron_helmet":1,"minecraft:iron_sword":1,"minecraft:stone_axe":1,"minecraft:bread":6,"minecraft:air":0,"biomesoplenty:fir_planks":44,"minecraft:charcoal":16,"minecraft:stick":36,"minecraft:iron_ingot":12,"minecraft:iron_pickaxe":1,"minecraft:wooden_axe":1,"minecraft:stone_sword":2,"minecraft:torch":60},"minecraft:custom":{"minecraft:mob_kills":20,"minecraft:interact_with_anvil":1,"minecraft:interact_with_crafting_table":22,"minecraft:open_barrel":2,"minecraft:leave_game":2,"minecraft:time_since_death":9290,"minecraft:climb_one_cm":1636,"minecraft:sprint_one_cm":444927,"minecraft:walk_one_cm":320889,"minecraft:drop":41,"minecraft:talked_to_villager":3,"minecraft:play_time":154025,"minecraft:deaths":10,"minecraft:sneak_time":9136,"minecraft:walk_under_water_one_cm":7149,"minecraft:boat_one_cm":203130,"minecraft:jump":3027,"minecraft:interact_with_blast_furnace":1,"minecraft:walk_on_water_one_cm":14187,"minecraft:total_world_time":154025,"minecraft:interact_with_furnace":40,"minecraft:sleep_in_bed":7,"minecraft:time_since_rest":1813,"minecraft:damage_taken":3776,"minecraft:damage_dealt":5749,"minecraft:swim_one_cm":14643,"minecraft:fly_one_cm":689443,"minecraft:open_chest":26,"minecraft:crouch_one_cm":37363,"tombstone:undead_killed":12,"minecraft:fall_one_cm":64082}},"DataVersion":3465}