{"stats":{"minecraft:mined":{"biomesoplenty:orange_autumn_leaves":3,"minecraft:white_bed":1,"minecraft:dark_oak_log":8,"minecraft:chest":1,"minecraft:deepslate_bricks":1,"minecraft:spruce_leaves":4,"minecraft:blue_bed":4,"minecraft:skeleton_skull":1,"minecraft:hay_block":1,"minecraft:furnace":1,"minecraft:carrots":5,"biomesoplenty:toadstool":1,"minecraft:wheat":11,"biomesoplenty:maple_leaves":1,"minecraft:pumpkin":59,"biomesoplenty:fir_log":38,"minecraft:grass":2,"minecraft:potatoes":55,"minecraft:coal_ore":16,"biomesoplenty:fir_leaves":2,"minecraft:packed_ice":14,"minecraft:stone":14},"minecraft:killed_by":{"soulsweapons:night_shade":5},"minecraft:broken":{"minecraft:stone_sword":1,"minecraft:wooden_axe":1},"minecraft:killed":{"soulsweapons:draugr_boss":1,"naturalist:duck":1},"minecraft:used":{"minecraft:stone_sword":250,"minecraft:stone_shovel":2,"minecraft:stone_pickaxe":8,"minecraft:baked_potato":9,"minecraft:chest":1,"minecraft:wooden_pickaxe":35,"biomesoplenty:fir_boat":12,"minecraft:blue_bed":4,"minecraft:crafting_table":5,"minecraft:wooden_axe":60,"biomesoplenty:toadstool":1,"minecraft:hay_block":1,"tombstone:gift":2,"minecraft:potato":2},"minecraft:picked_up":{"minecraft:feather":1,"minecraft:potato":55,"biomesoplenty:fir_log":38,"minecraft:blue_bed":4,"minecraft:wheat_seeds":10,"biomesoplenty:fir_boat":10,"minecraft:chest":1,"minecraft:furnace":1,"biomesoplenty:toadstool":1,"naturalist:duck":1,"minecraft:pumpkin":59,"minecraft:spruce_sapling":1,"minecraft:white_bed":1,"minecraft:carrot":5,"minecraft:dark_oak_log":8,"minecraft:rotten_flesh":1,"minecraft:deepslate_bricks":1,"minecraft:hay_block":1,"soulsweapons:draugr":1,"minecraft:skeleton_skull":1,"minecraft:coal":16,"minecraft:snowball":13,"minecraft:cobblestone":14},"minecraft:crafted":{"minecraft:stone_shovel":1,"biomesoplenty:fir_boat":2,"minecraft:crafting_table":5,"minecraft:wooden_pickaxe":1,"minecraft:baked_potato":64,"minecraft:air":0,"biomesoplenty:fir_planks":44,"minecraft:charcoal":16,"minecraft:stick":12,"minecraft:stone_pickaxe":1,"minecraft:wooden_axe":1,"minecraft:stone_sword":2,"minecraft:dark_oak_planks":32},"minecraft:custom":{"minecraft:interact_with_furnace":31,"minecraft:mob_kills":2,"minecraft:interact_with_crafting_table":6,"minecraft:open_barrel":2,"minecraft:leave_game":1,"minecraft:time_since_death":18,"minecraft:sleep_in_bed":5,"minecraft:time_since_rest":1,"minecraft:sprint_one_cm":173135,"minecraft:damage_taken":1490,"minecraft:walk_one_cm":135756,"minecraft:damage_dealt":2062,"minecraft:swim_one_cm":3273,"minecraft:talked_to_villager":3,"minecraft:fly_one_cm":279920,"minecraft:open_chest":14,"minecraft:crouch_one_cm":1387,"minecraft:play_time":58026,"tombstone:undead_killed":1,"minecraft:deaths":5,"minecraft:sneak_time":327,"minecraft:walk_under_water_one_cm":1746,"minecraft:boat_one_cm":154665,"minecraft:jump":1153,"minecraft:interact_with_blast_furnace":1,"minecraft:walk_on_water_one_cm":4951,"minecraft:total_world_time":58026,"minecraft:fall_one_cm":19640}},"DataVersion":3465}