{"stats":{"minecraft:killed":{"minecraft:spider":1,"naturalist:duck":1,"minecraft:skeleton":5,"soulsweapons:draugr_boss":1,"minecraft:creeper":5,"minecraft:zombie":7,"minecraft:enderman":1},"minecraft:used":{"minecraft:stone_sword":250,"biomesoplenty:redwood_door":3,"biomesoplenty:redwood_planks":66,"minecraft:stone_shovel":184,"minecraft:chest":2,"minecraft:torch":45,"minecraft:dirt":162,"biomesoplenty:redwood_log":1,"rechiseled:cobblestone_worn_stripes":2,"minecraft:wooden_axe":60,"soulsweapons:draugr":21,"rechiseled:mossy_cobblestone_dented":1,"minecraft:dark_oak_boat":1,"minecraft:hay_block":1,"minecraft:furnace":2,"tombstone:gift":3,"minecraft:skeleton_skull":1,"minecraft:potato":11,"minecraft:pumpkin":33,"rechiseled:cobblestone_stripes":5,"minecraft:baked_potato":35,"minecraft:stone_pickaxe":109,"minecraft:wooden_pickaxe":35,"biomesoplenty:lavender":5,"biomesoplenty:fir_boat":12,"minecraft:blue_bed":4,"soulsweapons:bluemoon_greatsword":78,"minecraft:crafting_table":11,"minecraft:white_bed":1,"rechiseled:cobblestone_large_squares":1,"minecraft:apple":3,"minecraft:bread":5,"minecraft:iron_pickaxe":143,"tombstone:grave_key":1,"biomesoplenty:toadstool":1,"minecraft:stone_axe":49,"minecraft:andesite":1},"minecraft:dropped":{"minecraft:bread":5,"minecraft:moss_block":2,"minecraft:wheat_seeds":17,"minecraft:baked_potato":16,"biomesoplenty:lavender":2,"minecraft:feather":1,"minecraft:stick":3,"minecraft:dirt":6,"biomesoplenty:redwood_log":1,"tombstone:scroll_of_true_sight":1,"minecraft:snowball":3,"minecraft:pumpkin":59,"minecraft:dark_oak_planks":2,"minecraft:spruce_sapling":1,"biomesoplenty:toadstool":14,"minecraft:iron_nugget":2,"minecraft:stone_sword":2,"minecraft:cobbled_deepslate":1,"minecraft:wheat":2,"minecraft:rotten_flesh":47,"minecraft:deepslate_bricks":2,"minecraft:skeleton_skull":2,"minecraft:charcoal":1,"minecraft:andesite":5,"minecraft:beetroot_seeds":11,"tombstone:essence_of_undeath":3,"minecraft:arrow":2,"minecraft:wooden_pickaxe":3,"minecraft:stone_pickaxe":2,"minecraft:raw_gold":1,"biomesoplenty:tall_lavender":2,"naturalist:duck":1},"minecraft:mined":{"biomesoplenty:orange_autumn_leaves":3,"minecraft:tuff":1,"minecraft:white_bed":1,"minecraft:deepslate_diamond_ore":6,"minecraft:dark_oak_log":8,"minecraft:granite":7,"minecraft:grass_block":127,"minecraft:deepslate_bricks":1,"minecraft:spruce_leaves":4,"epicpaladins:deepslate_arclight_ore":2,"minecraft:hay_block":1,"biomesoplenty:tall_lavender":3,"minecraft:furnace":1,"minecraft:carrots":5,"biomesoplenty:toadstool":1,"minecraft:iron_ore":20,"minecraft:fire":1,"biomesoplenty:lavender":31,"minecraft:andesite":12,"minecraft:pumpkin":59,"soulsweapons:moonstone_ore_deepslate":19,"minecraft:potatoes":55,"biomesoplenty:redwood_log":28,"minecraft:deepslate_iron_ore":8,"biomesoplenty:webbing":2,"minecraft:packed_ice":14,"minecraft:stone":82,"biomesoplenty:redwood_planks":1,"epicpaladins:deepslate_bloodstone_ore":17,"soulsweapons:verglas_ore_deepslate":2,"minecraft:crafting_table":1,"minecraft:torch":1,"minecraft:chest":1,"minecraft:copper_ore":3,"minecraft:cobblestone":11,"minecraft:deepslate_gold_ore":4,"minecraft:diorite":7,"minecraft:blue_bed":4,"minecraft:skeleton_skull":2,"minecraft:wheat":11,"epicpaladins:deepslate_cryorium_ore":3,"biomesoplenty:maple_leaves":1,"biomesoplenty:fir_log":38,"minecraft:grass":33,"minecraft:oak_log":5,"minecraft:coal_ore":53,"biomesoplenty:fir_leaves":2,"minecraft:gravel":15,"minecraft:dirt":58,"biomesoplenty:stringy_cobweb":1,"biomesoplenty:redwood_wood":11,"minecraft:oak_leaves":1,"minecraft:deepslate":14,"minecraft:fern":1},"minecraft:broken":{"minecraft:stone_sword":1,"minecraft:wooden_axe":1,"minecraft:stone_shovel":1},"minecraft:crafted":{"minecraft:oak_planks":20,"minecraft:stone_shovel":2,"minecraft:dark_oak_boat":1,"minecraft:furnace":1,"minecraft:iron_boots":1,"tombstone:grave_key":4,"minecraft:stone_pickaxe":1,"minecraft:chest":1,"minecraft:dark_oak_planks":32,"soulsweapons:bluemoon_greatsword":1,"biomesoplenty:fir_boat":2,"biomesoplenty:redwood_door":3,"minecraft:crafting_table":11,"biomesoplenty:redwood_planks":104,"minecraft:iron_helmet":1,"minecraft:baked_potato":64,"minecraft:wooden_pickaxe":1,"minecraft:iron_sword":1,"minecraft:stone_axe":1,"minecraft:bread":6,"minecraft:air":0,"rechiseled:chisel":1,"biomesoplenty:fir_planks":44,"minecraft:iron_chestplate":1,"minecraft:charcoal":16,"minecraft:stick":40,"minecraft:iron_ingot":23,"minecraft:iron_pickaxe":1,"minecraft:wooden_axe":1,"minecraft:stone_sword":2,"minecraft:torch":60},"minecraft:custom":{"minecraft:interact_with_anvil":1,"minecraft:mob_kills":22,"minecraft:interact_with_crafting_table":29,"minecraft:open_barrel":2,"minecraft:leave_game":3,"minecraft:time_since_death":39585,"minecraft:climb_one_cm":1636,"minecraft:sprint_one_cm":490292,"minecraft:walk_one_cm":364491,"minecraft:drop":57,"minecraft:talked_to_villager":3,"minecraft:play_time":184320,"minecraft:sneak_time":9640,"minecraft:deaths":10,"minecraft:walk_under_water_one_cm":7272,"minecraft:boat_one_cm":203130,"minecraft:jump":3457,"minecraft:interact_with_blast_furnace":1,"minecraft:walk_on_water_one_cm":14468,"minecraft:total_world_time":184320,"minecraft:interact_with_furnace":48,"minecraft:sleep_in_bed":10,"minecraft:time_since_rest":12345,"minecraft:damage_taken":3981,"minecraft:damage_dealt":5941,"minecraft:swim_one_cm":16014,"minecraft:fly_one_cm":823533,"minecraft:open_chest":37,"minecraft:crouch_one_cm":39874,"tombstone:undead_killed":13,"minecraft:fall_one_cm":74973},"minecraft:killed_by":{"minecraft:creeper":1,"minecraft:enderman":1,"soulsweapons:night_shade":6,"minecraft:skeleton":1,"minecraft:zombie":1},"minecraft:picked_up":{"biomesoplenty:redwood_log":28,"minecraft:wooden_pickaxe":4,"soulsweapons:moonstone":16,"minecraft:string":1,"minecraft:raw_copper":9,"biomesoplenty:tall_lavender":2,"epicpaladins:bloodstone_gem":17,"minecraft:cobbled_deepslate":1,"minecraft:iron_nugget":1,"minecraft:chest":1,"minecraft:furnace":1,"minecraft:stick":1,"minecraft:raw_iron":27,"naturalist:duck":2,"epicpaladins:arclight_gem":2,"minecraft:torch":1,"tombstone:grave_dust":6,"minecraft:carrot":5,"minecraft:dark_oak_planks":1,"biomesoplenty:redwood_planks":1,"minecraft:stone_sword":1,"minecraft:arrow":2,"minecraft:rotten_flesh":32,"epicpaladins:cryorium_gem":3,"minecraft:deepslate_bricks":2,"minecraft:hay_block":1,"soulsweapons:draugr":1,"tombstone:essence_of_undeath":4,"minecraft:snowball":13,"minecraft:skeleton_skull":3,"minecraft:cobblestone":74,"biomesoplenty:lavender":87,"minecraft:feather":1,"minecraft:andesite":12,"minecraft:dark_oak_boat":1,"minecraft:potato":56,"biomesoplenty:fir_log":38,"biomesoplenty:redwood_door":2,"minecraft:flint":2,"minecraft:oak_log":5,"minecraft:gunpowder":5,"minecraft:dirt":185,"minecraft:blue_bed":4,"minecraft:wheat_seeds":18,"biomesoplenty:fir_boat":10,"minecraft:raw_gold":2,"minecraft:stone_pickaxe":1,"minecraft:moss_block":1,"biomesoplenty:toadstool":15,"minecraft:pumpkin":118,"minecraft:gravel":13,"minecraft:spruce_sapling":1,"minecraft:white_bed":1,"minecraft:dark_oak_log":8,"tombstone:scroll_of_true_sight":1,"minecraft:diamond":6,"soulsweapons:verglas":1,"minecraft:bread":1,"minecraft:coal":56}},"DataVersion":3465}