{"stats":{"minecraft:mined":{"biomesoplenty:orange_autumn_leaves":3,"minecraft:white_bed":1,"minecraft:dark_oak_log":8,"minecraft:grass_block":99,"minecraft:chest":1,"minecraft:deepslate_bricks":1,"minecraft:spruce_leaves":4,"minecraft:blue_bed":4,"minecraft:skeleton_skull":1,"minecraft:hay_block":1,"minecraft:furnace":1,"minecraft:carrots":5,"biomesoplenty:toadstool":1,"minecraft:wheat":11,"biomesoplenty:maple_leaves":1,"minecraft:pumpkin":59,"biomesoplenty:fir_log":38,"minecraft:grass":10,"minecraft:potatoes":55,"minecraft:coal_ore":16,"biomesoplenty:fir_leaves":2,"minecraft:dirt":32,"minecraft:packed_ice":14,"minecraft:stone":14,"minecraft:fern":1},"minecraft:dropped":{"minecraft:stone_sword":1},"minecraft:killed_by":{"soulsweapons:night_shade":6,"minecraft:zombie":1},"minecraft:broken":{"minecraft:stone_sword":1,"minecraft:wooden_axe":1,"minecraft:stone_shovel":1},"minecraft:killed":{"soulsweapons:draugr_boss":1,"naturalist:duck":1},"minecraft:used":{"minecraft:stone_sword":250,"minecraft:stone_shovel":134,"minecraft:stone_pickaxe":8,"minecraft:baked_potato":11,"minecraft:chest":1,"minecraft:wooden_pickaxe":35,"biomesoplenty:fir_boat":12,"minecraft:blue_bed":4,"minecraft:dirt":9,"minecraft:crafting_table":7,"minecraft:wooden_axe":60,"soulsweapons:draugr":15,"minecraft:apple":3,"minecraft:bread":2,"biomesoplenty:toadstool":1,"minecraft:dark_oak_boat":1,"minecraft:hay_block":1,"tombstone:gift":3,"minecraft:potato":2},"minecraft:picked_up":{"minecraft:feather":1,"minecraft:potato":55,"biomesoplenty:fir_log":38,"minecraft:dirt":129,"minecraft:blue_bed":4,"minecraft:wheat_seeds":12,"biomesoplenty:fir_boat":10,"minecraft:chest":1,"minecraft:furnace":1,"biomesoplenty:toadstool":15,"naturalist:duck":1,"minecraft:pumpkin":59,"minecraft:spruce_sapling":1,"minecraft:white_bed":1,"minecraft:carrot":5,"minecraft:dark_oak_log":8,"minecraft:rotten_flesh":1,"minecraft:deepslate_bricks":1,"minecraft:hay_block":1,"soulsweapons:draugr":1,"minecraft:snowball":13,"minecraft:coal":16,"minecraft:skeleton_skull":1,"minecraft:cobblestone":14},"minecraft:crafted":{"minecraft:stone_shovel":2,"biomesoplenty:fir_boat":2,"minecraft:dark_oak_boat":1,"minecraft:crafting_table":7,"minecraft:wooden_pickaxe":1,"minecraft:baked_potato":64,"minecraft:air":0,"biomesoplenty:fir_planks":44,"minecraft:charcoal":16,"tombstone:grave_key":1,"minecraft:stick":12,"minecraft:stone_pickaxe":1,"minecraft:wooden_axe":1,"minecraft:stone_sword":2,"minecraft:dark_oak_planks":32},"minecraft:custom":{"minecraft:interact_with_furnace":31,"minecraft:mob_kills":2,"minecraft:interact_with_crafting_table":8,"minecraft:open_barrel":2,"minecraft:leave_game":2,"minecraft:time_since_death":10206,"minecraft:sleep_in_bed":5,"minecraft:time_since_rest":9482,"minecraft:sprint_one_cm":214379,"minecraft:damage_taken":2200,"minecraft:walk_one_cm":152318,"minecraft:drop":1,"minecraft:damage_dealt":2096,"minecraft:swim_one_cm":4043,"minecraft:talked_to_villager":3,"minecraft:fly_one_cm":367576,"minecraft:open_chest":16,"minecraft:crouch_one_cm":7988,"minecraft:play_time":70025,"tombstone:undead_killed":1,"minecraft:deaths":7,"minecraft:sneak_time":1314,"minecraft:walk_under_water_one_cm":1949,"minecraft:boat_one_cm":170055,"minecraft:jump":1452,"minecraft:interact_with_blast_furnace":1,"minecraft:walk_on_water_one_cm":5447,"minecraft:total_world_time":70025,"minecraft:fall_one_cm":25410}},"DataVersion":3465}