{"stats":{"minecraft:killed":{"naturalist:lion":1,"minecraft:spider":6,"minecraft:skeleton":11,"minecraft:horse":6,"minecraft:chicken":5,"minecraft:pig":12,"minecraft:zombie_villager":1,"minecraft:creeper":1,"minecraft:sheep":10,"minecraft:zombie":18,"minecraft:cow":9},"minecraft:mined":{"minecraft:tuff":5,"minecraft:deepslate_diamond_ore":4,"epicpaladins:cryorium_ore":4,"minecraft:spruce_trapdoor":1,"minecraft:granite":9,"minecraft:grass_block":4,"biomesoplenty:flowering_oak_leaves":1,"minecraft:spawner":1,"epicpaladins:deepslate_arclight_ore":8,"minecraft:hay_block":88,"biomesoplenty:jacaranda_log":28,"minecraft:redstone_ore":9,"minecraft:carrots":3,"minecraft:iron_ore":114,"minecraft:andesite":18,"minecraft:pumpkin":4,"minecraft:deepslate_lapis_ore":7,"biomesoplenty:redwood_door":1,"biomesoplenty:magic_log":18,"soulsweapons:moonstone_ore_deepslate":25,"biomesoplenty:high_grass":1,"minecraft:potatoes":11,"minecraft:deepslate_iron_ore":26,"biomesoplenty:webbing":1,"biomesoplenty:jacaranda_door":2,"minecraft:stone":171,"biomesoplenty:jacaranda_leaves":4,"minecraft:deepslate_redstone_ore":8,"minecraft:red_bed":2,"epicpaladins:deepslate_bloodstone_ore":2,"soulsweapons:verglas_ore_deepslate":10,"minecraft:dandelion":1,"minecraft:crafting_table":1,"biomesoplenty:high_grass_plant":2,"minecraft:cobblestone":7,"minecraft:lapis_ore":10,"minecraft:deepslate_gold_ore":38,"minecraft:diorite":11,"minecraft:wall_torch":2,"epicpaladins:bloodstone_ore":17,"minecraft:purple_bed":3,"biomesoplenty:magic_leaves":3,"minecraft:birch_log":7,"minecraft:wheat":114,"epicpaladins:deepslate_cryorium_ore":11,"biomesoplenty:fir_log":3,"minecraft:grass":18,"minecraft:oak_log":8,"minecraft:coal_ore":117,"minecraft:gravel":2,"minecraft:dirt":4,"minecraft:cobweb":11,"minecraft:gold_ore":9,"minecraft:oak_leaves":3,"epicpaladins:arclight_ore":19,"minecraft:deepslate":163,"minecraft:fern":3,"soulsweapons:verglas_ore":6},"minecraft:dropped":{"minecraft:enchanted_book":2,"minecraft:bread":1,"minecraft:iron_sword":1,"minecraft:wheat_seeds":290,"minecraft:cooked_porkchop":15,"soulsweapons:bluemoon_greatsword":1,"biomesoplenty:lavender":64,"minecraft:cobblestone":6,"minecraft:granite":8,"biomesoplenty:jacaranda_planks":1,"minecraft:dirt":2,"tombstone:scroll_of_true_sight":2,"epicpaladins:cryorium_gem":8,"biomesoplenty:jacaranda_door":1,"minecraft:iron_pickaxe":1,"epicpaladins:arclight_gem":2,"minecraft:cobbled_deepslate":6,"minecraft:tuff":1,"minecraft:rotten_flesh":2,"soulsweapons:sting":2,"minecraft:shield":1,"biomesoplenty:fir_planks":11,"minecraft:gunpowder":1,"minecraft:spider_eye":1,"tombstone:essence_of_undeath":1,"minecraft:arrow":1,"minecraft:bow":1,"minecraft:wooden_pickaxe":1,"biomesoplenty:redwood_door":1,"minecraft:egg":1},"minecraft:used":{"soulsweapons:sting":1,"epicpaladins:bloodstone_pickaxe":627,"minecraft:chest":4,"minecraft:shield":11,"minecraft:iron_sword":54,"minecraft:torch":92,"minecraft:dirt":4,"epicpaladins:bloodstone_axe":87,"minecraft:birch_sapling":1,"minecraft:furnace":4,"tombstone:gift":3,"minecraft:cooked_beef":10,"minecraft:pumpkin":4,"minecraft:cooked_mutton":6,"biomesoplenty:jacaranda_door":4,"minecraft:stone_pickaxe":131,"minecraft:birch_boat":3,"minecraft:wooden_pickaxe":4,"biomesoplenty:fir_boat":1,"biomesoplenty:lavender":1,"tombstone:scroll_of_true_sight":1,"minecraft:crafting_table":4,"minecraft:red_bed":2,"biomesoplenty:jacaranda_planks":56,"minecraft:bread":10,"minecraft:iron_pickaxe":68,"minecraft:spruce_trapdoor":1,"minecraft:cobblestone":97,"minecraft:purple_bed":3,"minecraft:cooked_porkchop":9,"minecraft:bucket":1,"epicpaladins:bloodstone_sword":148,"minecraft:andesite":8,"minecraft:dandelion":1},"minecraft:broken":{"minecraft:stone_pickaxe":1},"minecraft:crafted":{"minecraft:oak_planks":32,"minecraft:birch_boat":1,"usefulbackpacks:backpack_small":1,"minecraft:furnace":4,"epicpaladins:bloodstone_axe":1,"epicpaladins:bloodstone_sword":1,"minecraft:cooked_mutton":6,"minecraft:iron_boots":1,"minecraft:stone_pickaxe":1,"minecraft:chest":4,"biomesoplenty:jacaranda_door":3,"usefulbackpacks:backpack_medium":1,"minecraft:cooked_beef":5,"biomesoplenty:jacaranda_planks":68,"minecraft:cooked_porkchop":24,"minecraft:crafting_table":3,"minecraft:wooden_pickaxe":1,"minecraft:iron_helmet":1,"minecraft:iron_sword":1,"minecraft:bucket":1,"minecraft:birch_planks":28,"minecraft:air":0,"biomesoplenty:fir_planks":44,"minecraft:iron_chestplate":1,"minecraft:shield":2,"epicpaladins:bloodstone_pickaxe":1,"minecraft:stick":32,"minecraft:iron_ingot":71,"minecraft:iron_pickaxe":1,"minecraft:iron_leggings":1,"minecraft:torch":80},"minecraft:custom":{"minecraft:interact_with_anvil":3,"minecraft:mob_kills":81,"minecraft:interact_with_crafting_table":29,"minecraft:open_barrel":4,"minecraft:leave_game":3,"minecraft:time_since_death":213354,"minecraft:sprint_one_cm":565881,"minecraft:walk_one_cm":349656,"minecraft:damage_blocked_by_shield":330,"minecraft:drop":39,"minecraft:talked_to_villager":1,"minecraft:play_time":213354,"minecraft:sneak_time":6172,"minecraft:walk_under_water_one_cm":18853,"minecraft:boat_one_cm":128341,"minecraft:jump":3743,"minecraft:interact_with_blast_furnace":1,"minecraft:walk_on_water_one_cm":30774,"minecraft:total_world_time":213354,"minecraft:interact_with_furnace":33,"minecraft:sleep_in_bed":5,"minecraft:time_since_rest":45073,"minecraft:damage_taken":1440,"minecraft:damage_dealt":11882,"minecraft:swim_one_cm":67659,"minecraft:fly_one_cm":939187,"minecraft:open_chest":47,"minecraft:crouch_one_cm":21543,"tombstone:undead_killed":30,"minecraft:fall_one_cm":99769},"minecraft:picked_up":{"minecraft:crafting_table":1,"minecraft:wheat":110,"minecraft:chicken":5,"soulsweapons:moonstone":25,"minecraft:enchanted_book":2,"minecraft:red_bed":2,"minecraft:string":11,"epicpaladins:bloodstone_gem":20,"soulsweapons:sting":2,"minecraft:cobbled_deepslate":70,"minecraft:beef":20,"minecraft:birch_sapling":1,"minecraft:spruce_trapdoor":1,"minecraft:egg":1,"minecraft:stick":1,"minecraft:raw_iron":140,"epicpaladins:arclight_gem":27,"minecraft:torch":4,"minecraft:porkchop":23,"tombstone:grave_dust":5,"minecraft:carrot":3,"minecraft:redstone":28,"minecraft:rotten_flesh":3,"minecraft:arrow":9,"epicpaladins:cryorium_gem":23,"biomesoplenty:jacaranda_log":28,"minecraft:hay_block":88,"soulsweapons:bluemoon_greatsword":1,"tombstone:essence_of_undeath":1,"minecraft:mutton":13,"minecraft:white_wool":10,"minecraft:cobblestone":169,"minecraft:birch_log":7,"biomesoplenty:lavender":65,"minecraft:feather":7,"minecraft:andesite":14,"minecraft:leather":12,"biomesoplenty:jacaranda_door":2,"minecraft:potato":11,"biomesoplenty:fir_log":11,"biomesoplenty:redwood_door":1,"minecraft:tuff":1,"minecraft:oak_log":8,"biomesoplenty:jacaranda_planks":1,"minecraft:gunpowder":1,"minecraft:lapis_lazuli":61,"minecraft:dirt":8,"minecraft:lantern":1,"tombstone:gift":1,"minecraft:bone":14,"minecraft:bow":1,"minecraft:wheat_seeds":297,"biomesoplenty:fir_boat":1,"minecraft:raw_gold":47,"biomesoplenty:magic_log":18,"minecraft:birch_boat":3,"minecraft:pumpkin":4,"minecraft:dandelion":1,"minecraft:spider_eye":1,"tombstone:scroll_of_true_sight":1,"minecraft:purple_bed":3,"minecraft:diamond":4,"minecraft:granite":8,"soulsweapons:verglas":16,"minecraft:coal":116}},"DataVersion":3465}