{"stats":{"minecraft:killed":{"minecraft:spider":4,"minecraft:skeleton":11,"minecraft:horse":6,"minecraft:chicken":5,"minecraft:pig":12,"minecraft:zombie_villager":1,"minecraft:creeper":1,"minecraft:sheep":8,"minecraft:zombie":15,"minecraft:cow":9},"minecraft:mined":{"minecraft:tuff":5,"minecraft:deepslate_diamond_ore":4,"epicpaladins:cryorium_ore":4,"minecraft:spruce_trapdoor":1,"minecraft:granite":9,"minecraft:grass_block":3,"biomesoplenty:flowering_oak_leaves":1,"minecraft:spawner":1,"epicpaladins:deepslate_arclight_ore":8,"biomesoplenty:jacaranda_log":28,"minecraft:redstone_ore":9,"minecraft:carrots":3,"minecraft:iron_ore":114,"minecraft:andesite":18,"minecraft:pumpkin":4,"minecraft:deepslate_lapis_ore":7,"biomesoplenty:redwood_door":1,"soulsweapons:moonstone_ore_deepslate":25,"minecraft:potatoes":11,"minecraft:deepslate_iron_ore":26,"biomesoplenty:webbing":1,"biomesoplenty:jacaranda_door":2,"minecraft:stone":171,"biomesoplenty:jacaranda_leaves":4,"minecraft:deepslate_redstone_ore":8,"minecraft:red_bed":2,"epicpaladins:deepslate_bloodstone_ore":2,"soulsweapons:verglas_ore_deepslate":10,"minecraft:crafting_table":1,"minecraft:cobblestone":7,"minecraft:lapis_ore":10,"minecraft:deepslate_gold_ore":38,"minecraft:diorite":11,"minecraft:wall_torch":2,"epicpaladins:bloodstone_ore":17,"minecraft:purple_bed":3,"minecraft:wheat":3,"epicpaladins:deepslate_cryorium_ore":11,"biomesoplenty:fir_log":3,"minecraft:grass":10,"minecraft:oak_log":8,"minecraft:coal_ore":117,"minecraft:gravel":2,"minecraft:dirt":2,"minecraft:cobweb":11,"minecraft:gold_ore":9,"minecraft:oak_leaves":3,"epicpaladins:arclight_ore":19,"minecraft:deepslate":163,"minecraft:fern":3,"soulsweapons:verglas_ore":6},"minecraft:dropped":{"minecraft:enchanted_book":2,"minecraft:bread":1,"minecraft:iron_sword":1,"minecraft:cooked_porkchop":15,"soulsweapons:bluemoon_greatsword":1,"biomesoplenty:lavender":64,"minecraft:cobblestone":6,"minecraft:granite":8,"biomesoplenty:jacaranda_planks":1,"minecraft:dirt":2,"tombstone:scroll_of_true_sight":2,"epicpaladins:cryorium_gem":8,"biomesoplenty:jacaranda_door":1,"minecraft:iron_pickaxe":1,"epicpaladins:arclight_gem":2,"minecraft:cobbled_deepslate":6,"minecraft:tuff":1,"minecraft:rotten_flesh":2,"soulsweapons:sting":2,"minecraft:shield":1,"biomesoplenty:fir_planks":11,"minecraft:gunpowder":1,"minecraft:spider_eye":1,"tombstone:essence_of_undeath":1,"minecraft:arrow":1,"minecraft:bow":1,"minecraft:wooden_pickaxe":1,"biomesoplenty:redwood_door":1,"minecraft:egg":1},"minecraft:used":{"soulsweapons:sting":1,"epicpaladins:bloodstone_pickaxe":627,"minecraft:chest":4,"minecraft:shield":5,"minecraft:iron_sword":54,"minecraft:torch":92,"minecraft:dirt":1,"epicpaladins:bloodstone_axe":56,"minecraft:furnace":4,"tombstone:gift":3,"minecraft:cooked_beef":3,"minecraft:pumpkin":4,"minecraft:cooked_mutton":6,"biomesoplenty:jacaranda_door":4,"minecraft:stone_pickaxe":131,"minecraft:wooden_pickaxe":4,"biomesoplenty:fir_boat":1,"biomesoplenty:lavender":1,"tombstone:scroll_of_true_sight":1,"minecraft:crafting_table":3,"minecraft:red_bed":2,"biomesoplenty:jacaranda_planks":56,"minecraft:bread":10,"minecraft:iron_pickaxe":68,"minecraft:spruce_trapdoor":1,"minecraft:cobblestone":97,"minecraft:purple_bed":3,"minecraft:cooked_porkchop":9,"minecraft:bucket":1,"epicpaladins:bloodstone_sword":126,"minecraft:andesite":8},"minecraft:broken":{"minecraft:stone_pickaxe":1},"minecraft:crafted":{"minecraft:oak_planks":32,"usefulbackpacks:backpack_small":1,"minecraft:furnace":4,"epicpaladins:bloodstone_axe":1,"epicpaladins:bloodstone_sword":1,"minecraft:cooked_mutton":6,"minecraft:iron_boots":1,"minecraft:stone_pickaxe":1,"minecraft:chest":4,"biomesoplenty:jacaranda_door":3,"usefulbackpacks:backpack_medium":1,"minecraft:cooked_beef":5,"biomesoplenty:jacaranda_planks":68,"minecraft:cooked_porkchop":24,"minecraft:crafting_table":2,"minecraft:wooden_pickaxe":1,"minecraft:iron_helmet":1,"minecraft:iron_sword":1,"minecraft:bucket":1,"minecraft:air":0,"biomesoplenty:fir_planks":44,"minecraft:iron_chestplate":1,"minecraft:shield":2,"epicpaladins:bloodstone_pickaxe":1,"minecraft:stick":32,"minecraft:iron_ingot":71,"minecraft:iron_pickaxe":1,"minecraft:iron_leggings":1,"minecraft:torch":80},"minecraft:custom":{"minecraft:interact_with_anvil":3,"minecraft:mob_kills":73,"minecraft:interact_with_crafting_table":28,"minecraft:leave_game":3,"minecraft:time_since_death":189354,"minecraft:sprint_one_cm":456188,"minecraft:walk_one_cm":307810,"minecraft:damage_blocked_by_shield":190,"minecraft:drop":33,"minecraft:talked_to_villager":1,"minecraft:play_time":189354,"minecraft:sneak_time":6110,"minecraft:walk_under_water_one_cm":11799,"minecraft:boat_one_cm":62847,"minecraft:jump":2964,"minecraft:interact_with_blast_furnace":1,"minecraft:walk_on_water_one_cm":27548,"minecraft:total_world_time":189354,"minecraft:interact_with_furnace":33,"minecraft:sleep_in_bed":5,"minecraft:time_since_rest":21073,"minecraft:damage_taken":1088,"minecraft:damage_dealt":10507,"minecraft:swim_one_cm":27340,"minecraft:fly_one_cm":729354,"minecraft:open_chest":33,"minecraft:crouch_one_cm":21540,"tombstone:undead_killed":27,"minecraft:fall_one_cm":76589},"minecraft:picked_up":{"minecraft:crafting_table":1,"minecraft:chicken":5,"soulsweapons:moonstone":25,"minecraft:enchanted_book":2,"minecraft:red_bed":2,"minecraft:string":11,"epicpaladins:bloodstone_gem":20,"soulsweapons:sting":2,"minecraft:cobbled_deepslate":70,"minecraft:beef":20,"minecraft:spruce_trapdoor":1,"minecraft:egg":1,"minecraft:raw_iron":140,"epicpaladins:arclight_gem":27,"minecraft:torch":4,"minecraft:porkchop":23,"tombstone:grave_dust":5,"minecraft:carrot":3,"minecraft:redstone":28,"minecraft:rotten_flesh":2,"minecraft:arrow":9,"epicpaladins:cryorium_gem":23,"biomesoplenty:jacaranda_log":28,"soulsweapons:bluemoon_greatsword":1,"tombstone:essence_of_undeath":1,"minecraft:mutton":10,"minecraft:white_wool":8,"minecraft:cobblestone":169,"biomesoplenty:lavender":65,"minecraft:feather":7,"minecraft:andesite":14,"minecraft:leather":12,"biomesoplenty:jacaranda_door":2,"minecraft:potato":11,"biomesoplenty:fir_log":11,"biomesoplenty:redwood_door":1,"minecraft:tuff":1,"minecraft:oak_log":8,"biomesoplenty:jacaranda_planks":1,"minecraft:gunpowder":1,"minecraft:lapis_lazuli":61,"minecraft:dirt":5,"tombstone:gift":1,"minecraft:bone":14,"minecraft:bow":1,"minecraft:wheat_seeds":7,"biomesoplenty:fir_boat":1,"minecraft:raw_gold":47,"minecraft:pumpkin":4,"minecraft:spider_eye":1,"tombstone:scroll_of_true_sight":1,"minecraft:purple_bed":3,"minecraft:diamond":4,"minecraft:granite":8,"soulsweapons:verglas":16,"minecraft:coal":116}},"DataVersion":3465}