{"stats":{"minecraft:mined":{"minecraft:carrots":3,"minecraft:red_bed":2,"minecraft:iron_ore":6,"minecraft:wheat":3,"minecraft:andesite":15,"biomesoplenty:fir_log":3,"minecraft:grass":1,"minecraft:potatoes":11,"minecraft:coal_ore":53,"minecraft:stone":61,"minecraft:fern":3},"minecraft:dropped":{"minecraft:bread":1,"soulsweapons:sting":2,"minecraft:egg":1},"minecraft:broken":{"minecraft:stone_pickaxe":1},"minecraft:picked_up":{"minecraft:raw_iron":6,"minecraft:feather":7,"minecraft:chicken":5,"minecraft:andesite":14,"minecraft:leather":2,"minecraft:potato":11,"biomesoplenty:fir_log":11,"minecraft:porkchop":23,"minecraft:carrot":3,"minecraft:red_bed":2,"soulsweapons:sting":2,"minecraft:wheat_seeds":3,"minecraft:beef":3,"minecraft:mutton":4,"minecraft:coal":52,"minecraft:white_wool":4,"minecraft:cobblestone":60,"minecraft:egg":1},"minecraft:killed":{"minecraft:sheep":4,"minecraft:zombie":1,"minecraft:pig":12,"minecraft:chicken":5,"minecraft:cow":2},"minecraft:used":{"soulsweapons:sting":1,"minecraft:cooked_mutton":2,"minecraft:stone_pickaxe":131,"minecraft:bread":5,"minecraft:wooden_pickaxe":4,"minecraft:iron_sword":47,"minecraft:torch":1,"minecraft:cobblestone":4,"minecraft:crafting_table":1,"minecraft:red_bed":2,"minecraft:furnace":2},"minecraft:crafted":{"biomesoplenty:fir_planks":44,"minecraft:cooked_porkchop":24,"minecraft:crafting_table":1,"minecraft:stick":12,"minecraft:wooden_pickaxe":1,"minecraft:iron_ingot":10,"minecraft:iron_pickaxe":1,"minecraft:stone_pickaxe":1,"minecraft:iron_sword":1,"minecraft:furnace":2,"minecraft:torch":12,"minecraft:cooked_mutton":6,"minecraft:air":0},"minecraft:custom":{"minecraft:time_since_rest":8100,"minecraft:interact_with_furnace":19,"minecraft:sprint_one_cm":112434,"minecraft:damage_taken":210,"minecraft:walk_one_cm":67067,"minecraft:mob_kills":25,"minecraft:drop":4,"minecraft:damage_dealt":1996,"minecraft:interact_with_crafting_table":11,"minecraft:talked_to_villager":1,"minecraft:swim_one_cm":455,"minecraft:fly_one_cm":218620,"minecraft:open_chest":2,"minecraft:crouch_one_cm":5439,"minecraft:play_time":33939,"tombstone:undead_killed":1,"minecraft:sneak_time":2009,"minecraft:walk_under_water_one_cm":66,"minecraft:jump":710,"minecraft:interact_with_blast_furnace":1,"minecraft:time_since_death":33939,"minecraft:walk_on_water_one_cm":168,"minecraft:sleep_in_bed":2,"minecraft:total_world_time":33939,"minecraft:fall_one_cm":18325}},"DataVersion":3465}