{"stats":{"minecraft:mined":{"biomesoplenty:jacaranda_leaves":1,"minecraft:tuff":1,"minecraft:red_bed":2,"minecraft:spruce_trapdoor":1,"biomesoplenty:flowering_oak_leaves":1,"minecraft:cobblestone":4,"minecraft:deepslate_gold_ore":1,"minecraft:lapis_ore":5,"epicpaladins:deepslate_arclight_ore":1,"minecraft:purple_bed":3,"epicpaladins:bloodstone_ore":10,"biomesoplenty:jacaranda_log":13,"minecraft:carrots":3,"minecraft:iron_ore":44,"minecraft:wheat":3,"minecraft:andesite":15,"biomesoplenty:fir_log":3,"minecraft:grass":2,"minecraft:oak_log":8,"minecraft:potatoes":11,"minecraft:coal_ore":87,"minecraft:deepslate_iron_ore":10,"biomesoplenty:webbing":1,"minecraft:stone":89,"minecraft:oak_leaves":3,"epicpaladins:arclight_ore":1,"minecraft:gold_ore":9,"minecraft:deepslate":12,"minecraft:fern":3,"soulsweapons:verglas_ore":2},"minecraft:dropped":{"minecraft:bread":1,"minecraft:iron_sword":1,"soulsweapons:sting":2,"minecraft:shield":1,"epicpaladins:cryorium_gem":8,"minecraft:iron_pickaxe":1,"epicpaladins:arclight_gem":2,"minecraft:egg":1},"minecraft:broken":{"minecraft:stone_pickaxe":1},"minecraft:killed":{"minecraft:pig":12,"minecraft:creeper":1,"minecraft:horse":6,"minecraft:skeleton":1,"minecraft:sheep":8,"minecraft:zombie":4,"minecraft:chicken":5,"minecraft:cow":9},"minecraft:picked_up":{"minecraft:feather":7,"minecraft:chicken":5,"minecraft:andesite":14,"minecraft:leather":12,"minecraft:potato":11,"biomesoplenty:fir_log":11,"minecraft:oak_log":8,"minecraft:gunpowder":1,"minecraft:lapis_lazuli":33,"minecraft:red_bed":2,"epicpaladins:bloodstone_gem":11,"minecraft:bone":2,"soulsweapons:sting":2,"biomesoplenty:fir_boat":1,"minecraft:cobbled_deepslate":10,"minecraft:wheat_seeds":7,"minecraft:raw_gold":10,"minecraft:beef":20,"minecraft:spruce_trapdoor":1,"minecraft:egg":1,"minecraft:raw_iron":53,"epicpaladins:arclight_gem":2,"minecraft:porkchop":23,"tombstone:grave_dust":1,"minecraft:carrot":3,"minecraft:purple_bed":3,"minecraft:arrow":2,"epicpaladins:cryorium_gem":8,"biomesoplenty:jacaranda_log":13,"soulsweapons:verglas":2,"minecraft:cobblestone":95,"minecraft:white_wool":8,"minecraft:mutton":10,"minecraft:coal":86},"minecraft:used":{"epicpaladins:bloodstone_pickaxe":88,"soulsweapons:sting":1,"minecraft:cooked_mutton":2,"minecraft:stone_pickaxe":131,"minecraft:shield":2,"minecraft:wooden_pickaxe":4,"minecraft:iron_sword":54,"biomesoplenty:fir_boat":1,"minecraft:torch":12,"minecraft:crafting_table":1,"minecraft:red_bed":2,"epicpaladins:bloodstone_axe":33,"minecraft:bread":5,"minecraft:iron_pickaxe":68,"minecraft:spruce_trapdoor":1,"minecraft:cobblestone":51,"minecraft:purple_bed":2,"minecraft:furnace":2,"minecraft:cooked_porkchop":7,"epicpaladins:bloodstone_sword":41,"minecraft:andesite":8},"minecraft:crafted":{"minecraft:cooked_porkchop":24,"minecraft:crafting_table":1,"minecraft:wooden_pickaxe":1,"minecraft:iron_helmet":1,"minecraft:iron_sword":1,"minecraft:furnace":2,"epicpaladins:bloodstone_axe":1,"epicpaladins:bloodstone_sword":1,"minecraft:cooked_mutton":6,"minecraft:air":0,"biomesoplenty:fir_planks":44,"minecraft:iron_chestplate":1,"minecraft:shield":2,"epicpaladins:bloodstone_pickaxe":1,"minecraft:stick":16,"minecraft:iron_ingot":27,"minecraft:iron_pickaxe":1,"minecraft:stone_pickaxe":1,"minecraft:iron_leggings":1,"minecraft:torch":12},"minecraft:custom":{"minecraft:interact_with_furnace":24,"minecraft:mob_kills":47,"minecraft:interact_with_crafting_table":16,"minecraft:leave_game":2,"minecraft:time_since_death":93060,"minecraft:sleep_in_bed":4,"minecraft:time_since_rest":3436,"minecraft:sprint_one_cm":231496,"minecraft:damage_taken":450,"minecraft:walk_one_cm":152586,"minecraft:damage_blocked_by_shield":70,"minecraft:drop":9,"minecraft:damage_dealt":5287,"minecraft:swim_one_cm":12281,"minecraft:talked_to_villager":1,"minecraft:fly_one_cm":437978,"minecraft:open_chest":6,"minecraft:crouch_one_cm":13492,"minecraft:play_time":93060,"tombstone:undead_killed":5,"minecraft:sneak_time":3653,"minecraft:walk_under_water_one_cm":4713,"minecraft:boat_one_cm":62847,"minecraft:jump":1656,"minecraft:interact_with_blast_furnace":1,"minecraft:walk_on_water_one_cm":13680,"minecraft:total_world_time":93060,"minecraft:fall_one_cm":43022}},"DataVersion":3465}