{"stats":{"minecraft:mined":{"biomesoplenty:jacaranda_leaves":1,"minecraft:deepslate_redstone_ore":6,"minecraft:tuff":5,"minecraft:red_bed":2,"soulsweapons:verglas_ore_deepslate":10,"epicpaladins:deepslate_bloodstone_ore":1,"epicpaladins:cryorium_ore":4,"minecraft:spruce_trapdoor":1,"minecraft:granite":9,"biomesoplenty:flowering_oak_leaves":1,"minecraft:cobblestone":6,"minecraft:deepslate_gold_ore":28,"minecraft:lapis_ore":9,"minecraft:diorite":11,"epicpaladins:deepslate_arclight_ore":5,"minecraft:purple_bed":3,"epicpaladins:bloodstone_ore":17,"biomesoplenty:jacaranda_log":13,"minecraft:redstone_ore":9,"minecraft:carrots":3,"minecraft:iron_ore":87,"minecraft:wheat":3,"epicpaladins:deepslate_cryorium_ore":8,"minecraft:andesite":17,"minecraft:deepslate_lapis_ore":7,"biomesoplenty:fir_log":3,"minecraft:grass":2,"soulsweapons:moonstone_ore_deepslate":25,"minecraft:oak_log":8,"minecraft:potatoes":11,"minecraft:coal_ore":113,"minecraft:deepslate_iron_ore":26,"biomesoplenty:webbing":1,"minecraft:stone":160,"minecraft:oak_leaves":3,"epicpaladins:arclight_ore":11,"minecraft:gold_ore":9,"minecraft:deepslate":83,"minecraft:fern":3,"soulsweapons:verglas_ore":6},"minecraft:dropped":{"minecraft:enchanted_book":1,"minecraft:bread":1,"minecraft:iron_sword":1,"minecraft:tuff":1,"minecraft:cooked_porkchop":15,"minecraft:cobblestone":6,"soulsweapons:sting":2,"minecraft:granite":8,"minecraft:shield":1,"minecraft:gunpowder":1,"epicpaladins:cryorium_gem":8,"minecraft:wooden_pickaxe":1,"minecraft:iron_pickaxe":1,"epicpaladins:arclight_gem":2,"minecraft:egg":1},"minecraft:broken":{"minecraft:stone_pickaxe":1},"minecraft:killed":{"minecraft:pig":12,"minecraft:zombie_villager":1,"minecraft:spider":2,"minecraft:creeper":1,"minecraft:horse":6,"minecraft:skeleton":10,"minecraft:sheep":8,"minecraft:zombie":12,"minecraft:chicken":5,"minecraft:cow":9},"minecraft:picked_up":{"minecraft:feather":7,"minecraft:chicken":5,"minecraft:andesite":14,"minecraft:leather":12,"minecraft:potato":11,"soulsweapons:moonstone":25,"biomesoplenty:fir_log":11,"minecraft:enchanted_book":1,"minecraft:tuff":1,"minecraft:oak_log":8,"minecraft:gunpowder":1,"minecraft:lapis_lazuli":61,"minecraft:red_bed":2,"tombstone:gift":1,"epicpaladins:bloodstone_gem":19,"minecraft:bone":14,"soulsweapons:sting":2,"minecraft:bow":1,"biomesoplenty:fir_boat":1,"minecraft:cobbled_deepslate":64,"minecraft:wheat_seeds":7,"minecraft:raw_gold":37,"minecraft:beef":20,"minecraft:spruce_trapdoor":1,"minecraft:egg":1,"minecraft:raw_iron":113,"epicpaladins:arclight_gem":16,"minecraft:torch":1,"minecraft:porkchop":23,"tombstone:grave_dust":5,"minecraft:carrot":3,"minecraft:redstone":19,"minecraft:purple_bed":3,"minecraft:arrow":8,"epicpaladins:cryorium_gem":20,"biomesoplenty:jacaranda_log":13,"minecraft:granite":8,"soulsweapons:verglas":16,"minecraft:cobblestone":158,"minecraft:white_wool":8,"minecraft:mutton":10,"minecraft:coal":112},"minecraft:used":{"epicpaladins:bloodstone_pickaxe":469,"soulsweapons:sting":1,"minecraft:cooked_mutton":2,"minecraft:stone_pickaxe":131,"minecraft:shield":5,"minecraft:wooden_pickaxe":4,"minecraft:iron_sword":54,"biomesoplenty:fir_boat":1,"minecraft:torch":62,"minecraft:crafting_table":1,"minecraft:red_bed":2,"epicpaladins:bloodstone_axe":33,"minecraft:bread":10,"minecraft:iron_pickaxe":68,"minecraft:spruce_trapdoor":1,"minecraft:cobblestone":75,"minecraft:purple_bed":2,"minecraft:furnace":2,"minecraft:cooked_porkchop":9,"epicpaladins:bloodstone_sword":99,"minecraft:andesite":8,"tombstone:gift":2},"minecraft:crafted":{"minecraft:cooked_porkchop":24,"minecraft:crafting_table":1,"minecraft:wooden_pickaxe":1,"minecraft:iron_helmet":1,"minecraft:iron_sword":1,"minecraft:furnace":2,"epicpaladins:bloodstone_axe":1,"epicpaladins:bloodstone_sword":1,"minecraft:cooked_mutton":6,"minecraft:air":0,"biomesoplenty:fir_planks":44,"minecraft:iron_chestplate":1,"minecraft:shield":2,"epicpaladins:bloodstone_pickaxe":1,"minecraft:stick":28,"minecraft:iron_ingot":27,"minecraft:iron_pickaxe":1,"minecraft:stone_pickaxe":1,"minecraft:iron_leggings":1,"minecraft:torch":64},"minecraft:custom":{"minecraft:interact_with_furnace":24,"minecraft:mob_kills":67,"minecraft:interact_with_crafting_table":16,"minecraft:leave_game":2,"minecraft:time_since_death":129060,"minecraft:sleep_in_bed":4,"minecraft:time_since_rest":39436,"minecraft:sprint_one_cm":320185,"minecraft:damage_taken":919,"minecraft:walk_one_cm":227842,"minecraft:damage_blocked_by_shield":190,"minecraft:drop":16,"minecraft:damage_dealt":9647,"minecraft:swim_one_cm":12481,"minecraft:talked_to_villager":1,"minecraft:fly_one_cm":496647,"minecraft:open_chest":6,"minecraft:crouch_one_cm":20290,"minecraft:play_time":129060,"tombstone:undead_killed":23,"minecraft:sneak_time":5685,"minecraft:walk_under_water_one_cm":5677,"minecraft:boat_one_cm":62847,"minecraft:jump":2033,"minecraft:interact_with_blast_furnace":1,"minecraft:walk_on_water_one_cm":18815,"minecraft:total_world_time":129060,"minecraft:fall_one_cm":54368}},"DataVersion":3465}