{"stats":{"minecraft:killed":{"minecraft:cave_spider":1,"minecraft:spider":3,"naturalist:robin":1,"minecraft:skeleton":11,"naturalist:giraffe":1,"minecraft:pig":2,"minecraft:zombie_villager":1,"minecraft:creeper":1,"minecraft:sheep":1,"minecraft:zombie":22,"minecraft:cow":15},"minecraft:mined":{"minecraft:diamond_ore":1,"minecraft:tuff":1,"minecraft:deepslate_diamond_ore":6,"minecraft:oak_door":7,"epicpaladins:cryorium_ore":6,"minecraft:grass_block":1088,"minecraft:coal_block":1,"minecraft:spruce_leaves":1,"epicpaladins:deepslate_arclight_ore":1,"minecraft:magma_block":9,"minecraft:raw_iron_block":5,"minecraft:furnace":3,"minecraft:iron_ore":81,"minecraft:fire":2,"biomesoplenty:lavender":1,"minecraft:andesite":14,"minecraft:deepslate_lapis_ore":3,"soulsweapons:moonstone_ore_deepslate":10,"minecraft:potatoes":1,"minecraft:deepslate_iron_ore":31,"biomesoplenty:webbing":1,"biomesoplenty:spider_egg":1,"minecraft:stone":75,"minecraft:red_bed":1,"epicpaladins:deepslate_bloodstone_ore":8,"soulsweapons:verglas_ore_deepslate":11,"minecraft:dandelion":1,"minecraft:crafting_table":2,"minecraft:chest":1,"minecraft:tall_grass":15,"minecraft:deepslate_gold_ore":7,"minecraft:sugar_cane":2,"minecraft:diorite":8,"minecraft:blue_bed":4,"epicpaladins:bloodstone_ore":29,"minecraft:birch_log":29,"minecraft:sweet_berry_bush":2,"epicpaladins:deepslate_cryorium_ore":12,"minecraft:birch_leaves":2,"biomesoplenty:fir_log":41,"minecraft:grass":309,"minecraft:oak_log":49,"minecraft:coal_ore":132,"minecraft:gravel":2,"minecraft:dirt":372,"minecraft:cobweb":3,"minecraft:oak_leaves":4,"minecraft:deepslate":30,"minecraft:fern":5,"soulsweapons:verglas_ore":22},"minecraft:used":{"soulsweapons:sting":6,"epicpaladins:cryorium_hoe":80,"epicpaladins:cryorium_pickaxe":436,"minecraft:chest":3,"minecraft:shield":24,"minecraft:iron_sword":8,"minecraft:oak_door":8,"minecraft:torch":53,"minecraft:dirt":51,"minecraft:raw_iron_block":1,"minecraft:golden_chestplate":1,"minecraft:birch_sapling":3,"minecraft:iron_helmet":1,"minecraft:golden_sword":9,"minecraft:sweet_berries":43,"minecraft:furnace":5,"minecraft:oak_sapling":7,"epicpaladins:cryorium_shovel":1505,"tombstone:gift":2,"minecraft:potato":19,"minecraft:cooked_beef":4,"minecraft:cobbled_deepslate":14,"minecraft:golden_axe":32,"epicpaladins:cryorium_sword":164,"minecraft:wheat_seeds":53,"minecraft:water_bucket":16,"minecraft:stone_pickaxe":13,"minecraft:baked_potato":10,"minecraft:birch_boat":1,"minecraft:wooden_pickaxe":13,"minecraft:sugar_cane":5,"biomesoplenty:fir_boat":3,"epicpaladins:cryorium_axe":107,"minecraft:blue_bed":4,"naturalist:duck_egg":2,"minecraft:crafting_table":9,"minecraft:red_bed":2,"minecraft:bread":39,"minecraft:iron_pickaxe":57,"minecraft:cobblestone":24,"minecraft:bucket":17,"minecraft:andesite":7},"minecraft:dropped":{"biomesoplenty:fir_log":8,"minecraft:iron_sword":2,"minecraft:wheat_seeds":2,"minecraft:baked_potato":5,"minecraft:feather":6,"minecraft:lead":1,"minecraft:stick":2,"minecraft:flint":1,"epicpaladins:cryorium_gem":8,"minecraft:iron_pickaxe":2,"minecraft:string":8,"biomesoplenty:toadstool":1,"epicpaladins:bloodstone_gem":18,"minecraft:rotten_flesh":5,"soulsweapons:sting":3,"minecraft:spider_eye":1,"minecraft:stone_pickaxe":1},"minecraft:broken":{"minecraft:golden_axe":1},"minecraft:crafted":{"minecraft:oak_door":6,"minecraft:oak_planks":112,"epicpaladins:cryorium_hoe":1,"minecraft:birch_boat":1,"minecraft:cooked_chicken":5,"usefulbackpacks:backpack_small":1,"minecraft:furnace":2,"minecraft:iron_boots":1,"minecraft:stone_pickaxe":1,"minecraft:chest":2,"epicpaladins:cryorium_pickaxe":1,"usefulbackpacks:backpack_medium":1,"minecraft:cooked_beef":17,"biomesoplenty:fir_boat":1,"minecraft:cooked_porkchop":3,"minecraft:crafting_table":8,"minecraft:wooden_pickaxe":1,"minecraft:baked_potato":16,"minecraft:iron_sword":1,"epicpaladins:cryorium_axe":1,"minecraft:bucket":1,"minecraft:birch_planks":8,"minecraft:air":0,"biomesoplenty:fir_planks":64,"epicpaladins:cryorium_sword":1,"minecraft:iron_chestplate":1,"minecraft:shield":1,"minecraft:stick":28,"usefulbackpacks:backpack_large":1,"minecraft:iron_ingot":125,"minecraft:iron_pickaxe":1,"minecraft:iron_leggings":1,"soulsweapons:sting":1,"minecraft:torch":52,"epicpaladins:cryorium_shovel":1,"minecraft:shears":1},"minecraft:custom":{"minecraft:mob_kills":60,"minecraft:interact_with_crafting_table":51,"minecraft:open_barrel":14,"minecraft:leave_game":1,"minecraft:time_since_death":213099,"minecraft:damage_resisted":24,"minecraft:sprint_one_cm":718226,"minecraft:walk_one_cm":510399,"minecraft:damage_blocked_by_shield":910,"minecraft:drop":31,"minecraft:talked_to_villager":2,"minecraft:play_time":213099,"minecraft:sneak_time":1346,"minecraft:walk_under_water_one_cm":38698,"minecraft:boat_one_cm":109382,"minecraft:jump":4339,"minecraft:interact_with_brewingstand":1,"minecraft:interact_with_blast_furnace":1,"minecraft:walk_on_water_one_cm":37400,"minecraft:total_world_time":213099,"minecraft:interact_with_furnace":43,"minecraft:sleep_in_bed":12,"minecraft:time_since_rest":3244,"minecraft:damage_taken":1738,"minecraft:damage_dealt":10171,"minecraft:swim_one_cm":110042,"minecraft:fly_one_cm":1140719,"minecraft:open_chest":52,"minecraft:crouch_one_cm":4807,"tombstone:undead_killed":34,"minecraft:interact_with_smoker":1,"minecraft:fall_one_cm":106282},"minecraft:picked_up":{"minecraft:crafting_table":2,"minecraft:lead":1,"soulsweapons:moonstone":10,"minecraft:golden_sword":1,"minecraft:cornflower":1,"minecraft:string":16,"minecraft:red_bed":2,"epicpaladins:bloodstone_gem":71,"soulsweapons:sting":2,"minecraft:cobbled_deepslate":27,"biomesoplenty:fir_planks":8,"minecraft:beef":30,"minecraft:iron_pickaxe":1,"minecraft:sugar_cane":5,"minecraft:coal_block":1,"minecraft:chest":1,"minecraft:birch_sapling":3,"minecraft:furnace":3,"minecraft:stick":7,"minecraft:raw_iron":111,"minecraft:oak_door":7,"epicpaladins:arclight_gem":3,"minecraft:torch":1,"minecraft:porkchop":4,"tombstone:grave_dust":3,"minecraft:diorite":7,"minecraft:arrow":7,"epicpaladins:cryorium_gem":26,"minecraft:rotten_flesh":19,"minecraft:shears":1,"tombstone:essence_of_undeath":1,"minecraft:mutton":2,"minecraft:white_wool":25,"minecraft:cobblestone":69,"biomesoplenty:lavender":3,"minecraft:birch_log":56,"minecraft:magma_block":9,"minecraft:feather":6,"minecraft:cooked_beef":28,"minecraft:glow_ink_sac":3,"minecraft:andesite":21,"minecraft:leather":28,"minecraft:potato":18,"minecraft:birch_planks":3,"biomesoplenty:fir_log":58,"minecraft:flint":1,"minecraft:tuff":1,"minecraft:oak_log":73,"minecraft:gunpowder":2,"minecraft:lapis_lazuli":23,"minecraft:blue_bed":4,"minecraft:dirt":1461,"minecraft:lantern":6,"minecraft:bone":9,"minecraft:apple":15,"minecraft:wheat_seeds":63,"biomesoplenty:fir_boat":4,"minecraft:raw_gold":7,"minecraft:rabbit_hide":1,"minecraft:iron_ingot":1,"minecraft:stone_pickaxe":2,"minecraft:cooked_chicken":5,"minecraft:rabbit":2,"minecraft:iron_sword":1,"biomesoplenty:toadstool":1,"minecraft:sweet_berries":59,"minecraft:dandelion":2,"minecraft:raw_iron_block":9,"minecraft:gravel":1,"naturalist:duck_egg":2,"minecraft:spider_eye":1,"minecraft:diamond":7,"minecraft:spruce_sign":12,"soulsweapons:verglas":33,"minecraft:baked_potato":11,"minecraft:oak_sapling":11,"minecraft:coal":142}},"DataVersion":3465}