{"stats":{"minecraft:mined":{"minecraft:diamond_ore":1,"minecraft:grass_block":2,"minecraft:coal_block":1,"minecraft:tall_grass":1,"minecraft:spruce_leaves":1,"minecraft:blue_bed":4,"epicpaladins:bloodstone_ore":8,"minecraft:raw_iron_block":4,"minecraft:furnace":2,"minecraft:birch_log":13,"minecraft:sweet_berry_bush":2,"minecraft:iron_ore":25,"minecraft:fire":2,"epicpaladins:deepslate_cryorium_ore":8,"minecraft:birch_leaves":2,"minecraft:andesite":14,"biomesoplenty:fir_log":41,"minecraft:grass":10,"minecraft:oak_log":24,"minecraft:coal_ore":49,"biomesoplenty:webbing":1,"minecraft:gravel":2,"minecraft:dirt":2,"minecraft:cobweb":3,"minecraft:stone":28,"biomesoplenty:spider_egg":1,"minecraft:oak_leaves":1,"minecraft:deepslate":2,"minecraft:fern":5,"soulsweapons:verglas_ore":8},"minecraft:dropped":{"biomesoplenty:fir_log":8,"biomesoplenty:toadstool":1,"minecraft:iron_sword":2,"minecraft:wheat_seeds":1,"minecraft:baked_potato":5,"minecraft:rotten_flesh":2,"minecraft:feather":2,"soulsweapons:sting":3,"minecraft:stick":2,"minecraft:flint":1,"epicpaladins:cryorium_gem":8,"minecraft:stone_pickaxe":1,"minecraft:iron_pickaxe":2,"minecraft:string":8},"minecraft:broken":{"minecraft:golden_axe":1},"minecraft:killed":{"minecraft:cave_spider":1,"minecraft:pig":2,"naturalist:robin":1,"minecraft:sheep":1,"minecraft:skeleton":1,"minecraft:zombie":3,"minecraft:cow":4},"minecraft:picked_up":{"minecraft:feather":4,"minecraft:andesite":14,"minecraft:leather":7,"biomesoplenty:fir_log":41,"minecraft:flint":1,"minecraft:oak_log":24,"minecraft:string":12,"minecraft:blue_bed":4,"minecraft:dirt":4,"minecraft:red_bed":1,"minecraft:lantern":3,"epicpaladins:bloodstone_gem":7,"soulsweapons:sting":2,"minecraft:bone":1,"minecraft:wheat_seeds":1,"biomesoplenty:fir_boat":3,"minecraft:cobbled_deepslate":2,"minecraft:rabbit_hide":1,"minecraft:beef":6,"minecraft:stone_pickaxe":1,"minecraft:iron_pickaxe":1,"minecraft:rabbit":2,"minecraft:coal_block":1,"minecraft:birch_sapling":3,"minecraft:iron_sword":1,"minecraft:furnace":2,"biomesoplenty:toadstool":1,"minecraft:stick":7,"minecraft:raw_iron":24,"minecraft:sweet_berries":49,"epicpaladins:arclight_gem":2,"minecraft:raw_iron_block":4,"minecraft:gravel":1,"minecraft:porkchop":4,"tombstone:grave_dust":1,"naturalist:duck_egg":2,"minecraft:arrow":1,"minecraft:rotten_flesh":2,"epicpaladins:cryorium_gem":16,"minecraft:diamond":1,"minecraft:spruce_sign":12,"soulsweapons:verglas":8,"minecraft:baked_potato":5,"minecraft:oak_sapling":7,"minecraft:cobblestone":23,"minecraft:mutton":2,"minecraft:coal":49,"minecraft:white_wool":1,"minecraft:birch_log":13},"minecraft:used":{"epicpaladins:cryorium_sword":32,"soulsweapons:sting":6,"minecraft:water_bucket":9,"epicpaladins:cryorium_pickaxe":77,"minecraft:stone_pickaxe":13,"minecraft:baked_potato":10,"minecraft:chest":1,"minecraft:shield":8,"minecraft:wooden_pickaxe":13,"minecraft:iron_sword":8,"biomesoplenty:fir_boat":3,"epicpaladins:cryorium_axe":53,"minecraft:blue_bed":4,"naturalist:duck_egg":2,"minecraft:torch":18,"minecraft:dirt":1,"minecraft:crafting_table":5,"minecraft:red_bed":1,"minecraft:golden_chestplate":1,"minecraft:birch_sapling":3,"minecraft:bread":6,"minecraft:iron_pickaxe":57,"minecraft:iron_helmet":1,"minecraft:golden_sword":9,"minecraft:cobblestone":2,"minecraft:oak_sapling":7,"minecraft:sweet_berries":43,"minecraft:furnace":3,"minecraft:andesite":7,"minecraft:bucket":10,"minecraft:golden_axe":32},"minecraft:crafted":{"minecraft:cooked_beef":3,"biomesoplenty:fir_boat":1,"minecraft:crafting_table":5,"minecraft:wooden_pickaxe":1,"minecraft:baked_potato":16,"minecraft:cooked_chicken":5,"minecraft:iron_sword":1,"minecraft:furnace":1,"epicpaladins:cryorium_axe":1,"minecraft:bucket":1,"minecraft:air":0,"biomesoplenty:fir_planks":64,"epicpaladins:cryorium_sword":1,"minecraft:iron_boots":1,"minecraft:shield":1,"minecraft:stick":28,"minecraft:iron_ingot":38,"minecraft:iron_pickaxe":1,"minecraft:stone_pickaxe":1,"minecraft:chest":1,"epicpaladins:cryorium_pickaxe":1,"soulsweapons:sting":1,"minecraft:torch":52},"minecraft:custom":{"minecraft:interact_with_furnace":30,"minecraft:mob_kills":14,"minecraft:interact_with_crafting_table":29,"minecraft:open_barrel":9,"minecraft:time_since_death":95743,"minecraft:sleep_in_bed":6,"minecraft:damage_resisted":24,"minecraft:time_since_rest":3333,"minecraft:sprint_one_cm":312241,"minecraft:damage_taken":574,"minecraft:walk_one_cm":167133,"minecraft:damage_blocked_by_shield":280,"minecraft:drop":24,"minecraft:damage_dealt":1918,"minecraft:swim_one_cm":19667,"minecraft:talked_to_villager":2,"minecraft:fly_one_cm":501578,"minecraft:open_chest":14,"minecraft:crouch_one_cm":2038,"minecraft:play_time":95743,"tombstone:undead_killed":4,"minecraft:sneak_time":432,"minecraft:walk_under_water_one_cm":10698,"minecraft:boat_one_cm":71083,"minecraft:jump":1884,"minecraft:interact_with_brewingstand":1,"minecraft:interact_with_blast_furnace":1,"minecraft:walk_on_water_one_cm":9047,"minecraft:total_world_time":95743,"minecraft:interact_with_smoker":1,"minecraft:fall_one_cm":46451}},"DataVersion":3465}