{"stats":{"minecraft:killed":{"minecraft:cave_spider":4,"minecraft:spider":4,"naturalist:robin":1,"minecraft:skeleton":15,"naturalist:giraffe":1,"minecraft:pig":2,"minecraft:zombie_villager":1,"minecraft:creeper":1,"minecraft:sheep":1,"minecraft:zombie":32,"minecraft:cow":15},"minecraft:crafted":{"minecraft:oak_door":6,"securitycraft:mine":6,"minecraft:oak_planks":112,"epicpaladins:bloodstone_shovel":1,"epicpaladins:cryorium_hoe":1,"minecraft:birch_boat":1,"minecraft:cooked_chicken":5,"usefulbackpacks:backpack_small":1,"minecraft:furnace":3,"securitycraft:wire_cutters":1,"minecraft:stone":212,"minecraft:iron_bars":16,"minecraft:iron_boots":1,"minecraft:polished_deepslate":52,"biomesoplenty:fir_slab":240,"minecraft:stone_pickaxe":1,"minecraft:chest":2,"epicpaladins:cryorium_pickaxe":1,"usefulbackpacks:backpack_medium":1,"minecraft:cooked_beef":17,"minecraft:deepslate":11,"biomesoplenty:fir_boat":1,"minecraft:cooked_porkchop":3,"minecraft:crafting_table":9,"minecraft:wooden_pickaxe":1,"minecraft:baked_potato":16,"minecraft:iron_sword":1,"epicpaladins:cryorium_axe":1,"minecraft:bucket":2,"minecraft:birch_planks":16,"minecraft:air":0,"rechiseled:chisel":1,"biomesoplenty:fir_planks":184,"epicpaladins:cryorium_sword":1,"twilightforest:bold_stone_pillar":1,"minecraft:iron_chestplate":1,"minecraft:book":1,"minecraft:paper":12,"minecraft:shield":1,"minecraft:stick":48,"usefulbackpacks:backpack_large":1,"minecraft:iron_ingot":125,"minecraft:iron_pickaxe":1,"minecraft:iron_leggings":1,"minecraft:stonecutter":1,"minecraft:white_bed":1,"soulsweapons:sting":1,"minecraft:torch":100,"securitycraft:sc_manual":1,"minecraft:shears":2,"epicpaladins:cryorium_shovel":1},"minecraft:dropped":{"biomesoplenty:fir_log":8,"minecraft:iron_sword":2,"minecraft:wheat_seeds":14,"minecraft:baked_potato":5,"minecraft:feather":6,"minecraft:lead":1,"minecraft:flint":1,"minecraft:stick":2,"epicpaladins:cryorium_gem":8,"minecraft:iron_pickaxe":2,"minecraft:string":8,"biomesoplenty:toadstool":1,"epicpaladins:bloodstone_gem":18,"minecraft:rotten_flesh":5,"soulsweapons:sting":3,"minecraft:golden_sword":1,"minecraft:spider_eye":1,"minecraft:stone_pickaxe":2},"minecraft:broken":{"epicpaladins:cryorium_shovel":1,"minecraft:golden_axe":1},"minecraft:used":{"soulsweapons:sting":6,"minecraft:polished_deepslate":9,"epicpaladins:cryorium_pickaxe":1325,"epicpaladins:cryorium_hoe":80,"minecraft:chest":3,"minecraft:shield":31,"minecraft:iron_sword":8,"minecraft:oak_door":8,"minecraft:torch":102,"minecraft:dirt":158,"twilightforest:bold_stone_pillar":1,"minecraft:raw_iron_block":1,"minecraft:golden_chestplate":1,"minecraft:tuff":1,"twilightforest:twisted_stone":1,"biomesoplenty:fir_sapling":5,"minecraft:birch_sapling":3,"minecraft:iron_helmet":1,"epicpaladins:bloodstone_shovel":1100,"minecraft:stone_bricks":117,"minecraft:golden_sword":9,"minecraft:sweet_berries":43,"minecraft:oak_sapling":7,"minecraft:furnace":6,"epicpaladins:cryorium_shovel":1613,"tombstone:gift":2,"minecraft:potato":19,"minecraft:cooked_beef":19,"minecraft:cobbled_deepslate":38,"minecraft:calcite":4,"epicpaladins:cryorium_sword":232,"minecraft:golden_axe":32,"minecraft:wheat_seeds":61,"minecraft:water_bucket":16,"minecraft:stone_pickaxe":13,"minecraft:baked_potato":10,"minecraft:sugar_cane":5,"minecraft:wooden_pickaxe":13,"minecraft:birch_boat":1,"minecraft:blue_bed":4,"biomesoplenty:fir_boat":3,"epicpaladins:cryorium_axe":303,"minecraft:stonecutter":1,"naturalist:duck_egg":2,"biomesoplenty:fir_slab":251,"minecraft:crafting_table":11,"minecraft:red_bed":2,"minecraft:white_bed":1,"minecraft:iron_pickaxe":57,"minecraft:bread":39,"minecraft:cobblestone":37,"minecraft:andesite":7,"minecraft:bucket":18,"biomesoplenty:fir_log":45},"minecraft:picked_up":{"minecraft:crafting_table":3,"minecraft:wheat":30,"minecraft:lead":1,"twilightforest:bold_stone_pillar":1,"soulsweapons:moonstone":29,"minecraft:golden_sword":1,"minecraft:amethyst_block":127,"minecraft:polished_deepslate":1,"minecraft:cornflower":2,"minecraft:string":30,"minecraft:red_bed":2,"epicpaladins:bloodstone_gem":73,"soulsweapons:sting":2,"minecraft:cobbled_deepslate":110,"biomesoplenty:fir_planks":8,"minecraft:beef":30,"minecraft:calcite":104,"minecraft:poppy":1,"minecraft:iron_pickaxe":1,"minecraft:coal_block":1,"minecraft:sugar_cane":18,"minecraft:chest":1,"minecraft:birch_sapling":3,"minecraft:furnace":3,"minecraft:egg":1,"minecraft:stick":7,"minecraft:raw_iron":151,"twilightforest:twisted_stone":1,"minecraft:oak_door":7,"epicpaladins:arclight_gem":38,"minecraft:oak_fence":4,"minecraft:torch":5,"minecraft:porkchop":4,"tombstone:grave_dust":4,"minecraft:diorite":18,"minecraft:arrow":10,"minecraft:rotten_flesh":26,"epicpaladins:cryorium_gem":46,"minecraft:shears":1,"biomesoplenty:fir_slab":11,"tombstone:essence_of_undeath":1,"minecraft:mutton":2,"minecraft:rail":3,"minecraft:white_wool":25,"minecraft:cobblestone":375,"minecraft:oxeye_daisy":2,"biomesoplenty:lavender":3,"minecraft:birch_log":56,"minecraft:magma_block":9,"minecraft:feather":6,"minecraft:cooked_beef":28,"minecraft:glow_ink_sac":3,"minecraft:andesite":21,"minecraft:leather":28,"biomesoplenty:fir_sapling":5,"minecraft:potato":73,"minecraft:birch_planks":3,"biomesoplenty:fir_log":196,"minecraft:flint":1,"minecraft:tuff":3,"minecraft:oak_log":73,"minecraft:gunpowder":2,"minecraft:lapis_lazuli":52,"minecraft:dirt":2455,"minecraft:blue_bed":4,"minecraft:lantern":6,"minecraft:bone":10,"minecraft:apple":15,"minecraft:stone_bricks":5,"minecraft:wheat_seeds":206,"biomesoplenty:fir_boat":4,"minecraft:raw_gold":7,"minecraft:rabbit_hide":1,"minecraft:iron_ingot":1,"minecraft:stone_pickaxe":2,"minecraft:cooked_chicken":5,"minecraft:rabbit":2,"minecraft:iron_sword":1,"biomesoplenty:toadstool":1,"minecraft:smooth_basalt":35,"minecraft:sweet_berries":59,"minecraft:dandelion":14,"minecraft:raw_iron_block":9,"minecraft:gravel":2,"minecraft:sand":1,"minecraft:amethyst_shard":26,"minecraft:white_bed":1,"minecraft:spider_eye":3,"naturalist:duck_egg":2,"minecraft:bundle":2,"minecraft:diamond":8,"minecraft:granite":9,"soulsweapons:verglas":38,"minecraft:spruce_sign":12,"minecraft:baked_potato":11,"minecraft:oak_sapling":11,"minecraft:coal":191},"minecraft:mined":{"minecraft:large_amethyst_bud":1,"minecraft:diamond_ore":1,"minecraft:tuff":3,"minecraft:white_bed":1,"minecraft:deepslate_diamond_ore":7,"minecraft:oak_door":7,"epicpaladins:cryorium_ore":6,"twilightforest:twisted_stone":1,"minecraft:granite":9,"minecraft:budding_amethyst":11,"biomesoplenty:fir_slab":10,"minecraft:grass_block":1846,"minecraft:coal_block":1,"minecraft:spruce_leaves":1,"epicpaladins:deepslate_arclight_ore":29,"minecraft:raw_iron_block":5,"minecraft:magma_block":9,"minecraft:furnace":3,"minecraft:cobbled_deepslate":6,"minecraft:iron_ore":123,"minecraft:fire":2,"biomesoplenty:lavender":1,"minecraft:andesite":14,"minecraft:deepslate_lapis_ore":3,"minecraft:polished_deepslate":1,"soulsweapons:moonstone_ore_deepslate":30,"minecraft:potatoes":18,"minecraft:dirt_path":79,"minecraft:deepslate_iron_ore":31,"biomesoplenty:webbing":1,"minecraft:stone":381,"biomesoplenty:spider_egg":1,"minecraft:red_bed":1,"epicpaladins:deepslate_bloodstone_ore":10,"soulsweapons:verglas_ore_deepslate":14,"minecraft:amethyst_cluster":11,"minecraft:dandelion":1,"minecraft:crafting_table":3,"minecraft:torch":4,"minecraft:calcite":104,"minecraft:chest":1,"minecraft:tall_grass":19,"minecraft:deepslate_gold_ore":7,"minecraft:lapis_ore":6,"minecraft:sugar_cane":9,"minecraft:diorite":19,"minecraft:blue_bed":4,"minecraft:amethyst_block":127,"epicpaladins:bloodstone_ore":29,"minecraft:birch_log":29,"minecraft:sweet_berry_bush":2,"minecraft:wheat":63,"epicpaladins:deepslate_cryorium_ore":32,"minecraft:birch_leaves":2,"biomesoplenty:fir_log":184,"twilightforest:bold_stone_pillar":1,"minecraft:grass":346,"minecraft:oak_log":49,"minecraft:coal_ore":181,"biomesoplenty:fir_leaves":41,"minecraft:gravel":3,"minecraft:sand":2,"minecraft:dirt":524,"minecraft:cobweb":14,"minecraft:smooth_basalt":37,"minecraft:stone_bricks":5,"minecraft:oak_leaves":4,"epicpaladins:arclight_ore":7,"minecraft:deepslate":105,"minecraft:fern":10,"soulsweapons:verglas_ore":24},"minecraft:custom":{"minecraft:mob_kills":78,"minecraft:interact_with_crafting_table":66,"minecraft:open_barrel":14,"minecraft:leave_game":4,"minecraft:time_since_death":342656,"minecraft:damage_resisted":24,"minecraft:sprint_one_cm":1036621,"minecraft:walk_one_cm":905373,"minecraft:damage_blocked_by_shield":1190,"minecraft:drop":38,"minecraft:talked_to_villager":2,"minecraft:play_time":342656,"minecraft:sneak_time":1577,"minecraft:walk_under_water_one_cm":43807,"minecraft:boat_one_cm":109382,"minecraft:jump":5549,"minecraft:interact_with_brewingstand":1,"minecraft:interact_with_blast_furnace":1,"minecraft:walk_on_water_one_cm":50571,"minecraft:total_world_time":342656,"minecraft:interact_with_furnace":64,"minecraft:interact_with_stonecutter":13,"minecraft:sleep_in_bed":20,"minecraft:time_since_rest":9263,"minecraft:damage_taken":2409,"minecraft:damage_dealt":13445,"minecraft:swim_one_cm":110608,"minecraft:fly_one_cm":1394065,"minecraft:open_chest":70,"minecraft:crouch_one_cm":5755,"tombstone:undead_killed":48,"minecraft:interact_with_smoker":1,"minecraft:fall_one_cm":125875}},"DataVersion":3465}