{"stats":{"minecraft:mined":{"minecraft:diamond_ore":1,"minecraft:grass_block":2,"minecraft:blue_bed":3,"minecraft:furnace":2,"minecraft:iron_ore":9,"epicpaladins:deepslate_cryorium_ore":8,"biomesoplenty:fir_log":32,"minecraft:grass":1,"minecraft:coal_ore":33,"biomesoplenty:webbing":1,"minecraft:gravel":2,"minecraft:dirt":1,"minecraft:stone":17,"biomesoplenty:spider_egg":1,"minecraft:fern":3,"soulsweapons:verglas_ore":4},"minecraft:dropped":{"biomesoplenty:fir_log":8,"minecraft:baked_potato":5,"soulsweapons:sting":2,"epicpaladins:cryorium_gem":8},"minecraft:broken":{"minecraft:golden_axe":1},"minecraft:picked_up":{"biomesoplenty:fir_log":32,"minecraft:flint":1,"minecraft:string":2,"minecraft:blue_bed":3,"minecraft:dirt":3,"soulsweapons:sting":2,"minecraft:bone":1,"minecraft:rabbit_hide":1,"minecraft:rabbit":2,"minecraft:furnace":2,"minecraft:raw_iron":8,"minecraft:sweet_berries":49,"minecraft:gravel":1,"minecraft:porkchop":1,"minecraft:arrow":1,"epicpaladins:cryorium_gem":16,"minecraft:diamond":1,"soulsweapons:verglas":4,"minecraft:baked_potato":5,"minecraft:cobblestone":13,"minecraft:mutton":2,"minecraft:coal":33,"minecraft:white_wool":1},"minecraft:killed":{"minecraft:cave_spider":1,"minecraft:pig":1,"minecraft:sheep":1,"minecraft:skeleton":1,"minecraft:zombie":1},"minecraft:used":{"soulsweapons:sting":6,"minecraft:water_bucket":7,"minecraft:stone_pickaxe":13,"minecraft:baked_potato":8,"minecraft:wooden_pickaxe":13,"minecraft:iron_sword":2,"minecraft:blue_bed":2,"minecraft:torch":10,"minecraft:dirt":1,"minecraft:crafting_table":2,"minecraft:golden_chestplate":1,"minecraft:iron_pickaxe":56,"minecraft:iron_helmet":1,"minecraft:golden_sword":9,"minecraft:cobblestone":2,"minecraft:sweet_berries":22,"minecraft:furnace":2,"minecraft:bucket":8,"minecraft:golden_axe":32},"minecraft:crafted":{"minecraft:cooked_beef":3,"minecraft:crafting_table":2,"minecraft:wooden_pickaxe":1,"minecraft:baked_potato":16,"minecraft:cooked_chicken":5,"minecraft:iron_sword":1,"minecraft:bucket":1,"minecraft:air":0,"biomesoplenty:fir_planks":64,"minecraft:shield":1,"minecraft:stick":28,"minecraft:iron_ingot":4,"minecraft:iron_pickaxe":1,"minecraft:stone_pickaxe":1,"soulsweapons:sting":1,"minecraft:torch":52},"minecraft:custom":{"minecraft:interact_with_furnace":22,"minecraft:mob_kills":5,"minecraft:interact_with_crafting_table":17,"minecraft:time_since_death":47743,"minecraft:sleep_in_bed":3,"minecraft:time_since_rest":5502,"minecraft:sprint_one_cm":154163,"minecraft:damage_taken":304,"minecraft:walk_one_cm":93451,"minecraft:drop":10,"minecraft:damage_dealt":650,"minecraft:swim_one_cm":6279,"minecraft:talked_to_villager":2,"minecraft:fly_one_cm":287256,"minecraft:open_chest":6,"minecraft:crouch_one_cm":888,"minecraft:play_time":47743,"tombstone:undead_killed":2,"minecraft:sneak_time":229,"minecraft:walk_under_water_one_cm":2846,"minecraft:jump":1044,"minecraft:interact_with_brewingstand":1,"minecraft:interact_with_blast_furnace":1,"minecraft:walk_on_water_one_cm":3514,"minecraft:total_world_time":47743,"minecraft:interact_with_smoker":1,"minecraft:fall_one_cm":23648}},"DataVersion":3465}