{"stats":{"minecraft:mined":{"minecraft:furnace":2,"minecraft:iron_ore":7,"biomesoplenty:fir_log":32,"minecraft:grass":1,"minecraft:grass_block":2,"minecraft:coal_ore":17,"minecraft:gravel":2,"minecraft:dirt":1,"minecraft:stone":9,"soulsweapons:verglas_ore":3,"minecraft:blue_bed":2,"minecraft:fern":3},"minecraft:dropped":{"biomesoplenty:fir_log":8,"minecraft:baked_potato":5,"soulsweapons:sting":1},"minecraft:broken":{"minecraft:golden_axe":1},"minecraft:picked_up":{"minecraft:raw_iron":6,"minecraft:sweet_berries":49,"minecraft:gravel":1,"biomesoplenty:fir_log":32,"minecraft:porkchop":1,"minecraft:flint":1,"minecraft:dirt":3,"minecraft:blue_bed":2,"soulsweapons:sting":1,"minecraft:rabbit_hide":1,"minecraft:baked_potato":5,"soulsweapons:verglas":3,"minecraft:rabbit":2,"minecraft:mutton":2,"minecraft:coal":17,"minecraft:white_wool":1,"minecraft:cobblestone":9,"minecraft:furnace":2},"minecraft:killed":{"minecraft:sheep":1,"minecraft:zombie":1,"minecraft:pig":1},"minecraft:used":{"soulsweapons:sting":1,"minecraft:iron_pickaxe":17,"minecraft:stone_pickaxe":13,"minecraft:baked_potato":6,"minecraft:iron_helmet":1,"minecraft:wooden_pickaxe":13,"minecraft:iron_sword":2,"minecraft:blue_bed":1,"minecraft:torch":5,"minecraft:golden_sword":9,"minecraft:dirt":1,"minecraft:cobblestone":2,"minecraft:sweet_berries":22,"minecraft:crafting_table":1,"minecraft:furnace":1,"minecraft:golden_chestplate":1,"minecraft:golden_axe":32},"minecraft:crafted":{"minecraft:cooked_beef":3,"biomesoplenty:fir_planks":64,"minecraft:shield":1,"minecraft:crafting_table":1,"minecraft:stick":12,"minecraft:iron_pickaxe":1,"minecraft:wooden_pickaxe":1,"minecraft:baked_potato":16,"minecraft:stone_pickaxe":1,"minecraft:iron_sword":1,"soulsweapons:sting":1,"minecraft:torch":8,"minecraft:air":0},"minecraft:custom":{"minecraft:time_since_rest":8100,"minecraft:interact_with_furnace":14,"minecraft:sprint_one_cm":135561,"minecraft:damage_taken":214,"minecraft:walk_one_cm":65214,"minecraft:mob_kills":3,"minecraft:drop":7,"minecraft:damage_dealt":330,"minecraft:interact_with_crafting_table":13,"minecraft:talked_to_villager":2,"minecraft:fly_one_cm":271627,"minecraft:open_chest":6,"tombstone:undead_killed":1,"minecraft:crouch_one_cm":715,"minecraft:play_time":35743,"minecraft:sneak_time":170,"minecraft:jump":915,"minecraft:interact_with_brewingstand":1,"minecraft:interact_with_blast_furnace":1,"minecraft:time_since_death":35743,"minecraft:interact_with_smoker":1,"minecraft:sleep_in_bed":2,"minecraft:total_world_time":35743,"minecraft:fall_one_cm":21384}},"DataVersion":3465}