{"stats":{"minecraft:killed":{"minecraft:cave_spider":1,"minecraft:spider":2,"naturalist:robin":1,"minecraft:skeleton":9,"naturalist:giraffe":1,"minecraft:pig":2,"minecraft:sheep":1,"minecraft:zombie":16,"minecraft:cow":15},"minecraft:mined":{"minecraft:diamond_ore":1,"minecraft:deepslate_diamond_ore":5,"minecraft:oak_door":3,"epicpaladins:cryorium_ore":4,"minecraft:grass_block":5,"minecraft:coal_block":1,"minecraft:spruce_leaves":1,"epicpaladins:deepslate_arclight_ore":1,"minecraft:magma_block":1,"minecraft:raw_iron_block":4,"minecraft:furnace":2,"minecraft:iron_ore":81,"minecraft:fire":2,"biomesoplenty:lavender":1,"minecraft:andesite":14,"soulsweapons:moonstone_ore_deepslate":9,"minecraft:deepslate_iron_ore":15,"biomesoplenty:webbing":1,"biomesoplenty:spider_egg":1,"minecraft:stone":63,"epicpaladins:deepslate_bloodstone_ore":8,"soulsweapons:verglas_ore_deepslate":6,"minecraft:tall_grass":2,"minecraft:diorite":7,"minecraft:blue_bed":4,"epicpaladins:bloodstone_ore":29,"minecraft:birch_log":29,"minecraft:sweet_berry_bush":2,"epicpaladins:deepslate_cryorium_ore":12,"minecraft:birch_leaves":2,"biomesoplenty:fir_log":41,"minecraft:grass":11,"minecraft:oak_log":49,"minecraft:coal_ore":109,"minecraft:gravel":2,"minecraft:dirt":3,"minecraft:cobweb":3,"minecraft:oak_leaves":4,"minecraft:deepslate":27,"minecraft:fern":5,"soulsweapons:verglas_ore":19},"minecraft:used":{"soulsweapons:sting":6,"epicpaladins:cryorium_pickaxe":348,"minecraft:chest":1,"minecraft:shield":23,"minecraft:iron_sword":8,"minecraft:oak_door":3,"minecraft:torch":50,"minecraft:dirt":1,"minecraft:golden_chestplate":1,"minecraft:birch_sapling":3,"minecraft:iron_helmet":1,"minecraft:golden_sword":9,"minecraft:sweet_berries":43,"minecraft:furnace":4,"minecraft:oak_sapling":7,"tombstone:gift":2,"minecraft:golden_axe":32,"epicpaladins:cryorium_sword":131,"minecraft:water_bucket":15,"minecraft:stone_pickaxe":13,"minecraft:baked_potato":10,"minecraft:birch_boat":1,"minecraft:wooden_pickaxe":13,"biomesoplenty:fir_boat":3,"epicpaladins:cryorium_axe":100,"minecraft:blue_bed":4,"naturalist:duck_egg":2,"minecraft:crafting_table":7,"minecraft:red_bed":1,"minecraft:bread":33,"minecraft:iron_pickaxe":57,"minecraft:cobblestone":10,"minecraft:bucket":16,"minecraft:andesite":7},"minecraft:dropped":{"biomesoplenty:fir_log":8,"minecraft:iron_sword":2,"minecraft:wheat_seeds":1,"minecraft:baked_potato":5,"minecraft:feather":6,"minecraft:stick":2,"minecraft:flint":1,"epicpaladins:cryorium_gem":8,"minecraft:iron_pickaxe":2,"minecraft:string":8,"biomesoplenty:toadstool":1,"minecraft:rotten_flesh":5,"soulsweapons:sting":3,"minecraft:spider_eye":1,"minecraft:stone_pickaxe":1},"minecraft:broken":{"minecraft:golden_axe":1},"minecraft:crafted":{"minecraft:oak_door":6,"minecraft:oak_planks":24,"minecraft:birch_boat":1,"minecraft:cooked_chicken":5,"usefulbackpacks:backpack_small":1,"minecraft:furnace":2,"minecraft:iron_boots":1,"minecraft:stone_pickaxe":1,"minecraft:chest":1,"epicpaladins:cryorium_pickaxe":1,"usefulbackpacks:backpack_medium":1,"minecraft:cooked_beef":17,"biomesoplenty:fir_boat":1,"minecraft:cooked_porkchop":3,"minecraft:crafting_table":7,"minecraft:wooden_pickaxe":1,"minecraft:baked_potato":16,"minecraft:iron_sword":1,"epicpaladins:cryorium_axe":1,"minecraft:bucket":1,"minecraft:birch_planks":8,"minecraft:air":0,"biomesoplenty:fir_planks":64,"epicpaladins:cryorium_sword":1,"minecraft:shield":1,"minecraft:stick":28,"usefulbackpacks:backpack_large":1,"minecraft:iron_ingot":38,"minecraft:iron_pickaxe":1,"soulsweapons:sting":1,"minecraft:torch":52,"minecraft:shears":1},"minecraft:custom":{"minecraft:mob_kills":49,"minecraft:interact_with_crafting_table":39,"minecraft:open_barrel":14,"minecraft:leave_game":1,"minecraft:time_since_death":159099,"minecraft:damage_resisted":24,"minecraft:sprint_one_cm":562761,"minecraft:walk_one_cm":291115,"minecraft:damage_blocked_by_shield":870,"minecraft:drop":28,"minecraft:talked_to_villager":2,"minecraft:play_time":159099,"minecraft:sneak_time":901,"minecraft:walk_under_water_one_cm":28879,"minecraft:boat_one_cm":96103,"minecraft:jump":3459,"minecraft:interact_with_brewingstand":1,"minecraft:interact_with_blast_furnace":1,"minecraft:walk_on_water_one_cm":31340,"minecraft:total_world_time":159099,"minecraft:interact_with_furnace":38,"minecraft:sleep_in_bed":7,"minecraft:time_since_rest":39594,"minecraft:damage_taken":1341,"minecraft:damage_dealt":7995,"minecraft:swim_one_cm":72821,"minecraft:fly_one_cm":919554,"minecraft:open_chest":39,"minecraft:crouch_one_cm":3248,"tombstone:undead_killed":25,"minecraft:interact_with_smoker":1,"minecraft:fall_one_cm":87510},"minecraft:picked_up":{"soulsweapons:moonstone":9,"minecraft:string":13,"minecraft:red_bed":1,"epicpaladins:bloodstone_gem":36,"soulsweapons:sting":2,"minecraft:cobbled_deepslate":24,"minecraft:beef":30,"minecraft:iron_pickaxe":1,"minecraft:coal_block":1,"minecraft:birch_sapling":3,"minecraft:furnace":2,"minecraft:stick":7,"minecraft:raw_iron":95,"minecraft:oak_door":3,"epicpaladins:arclight_gem":3,"minecraft:torch":1,"minecraft:porkchop":4,"tombstone:grave_dust":1,"minecraft:diorite":6,"minecraft:arrow":5,"epicpaladins:cryorium_gem":24,"minecraft:rotten_flesh":12,"tombstone:essence_of_undeath":1,"minecraft:mutton":2,"minecraft:white_wool":19,"minecraft:cobblestone":57,"biomesoplenty:lavender":2,"minecraft:birch_log":29,"minecraft:magma_block":1,"minecraft:feather":6,"minecraft:glow_ink_sac":3,"minecraft:andesite":14,"minecraft:leather":21,"biomesoplenty:fir_log":41,"minecraft:flint":1,"minecraft:oak_log":49,"minecraft:blue_bed":4,"minecraft:dirt":9,"minecraft:lantern":3,"minecraft:bone":7,"minecraft:wheat_seeds":1,"biomesoplenty:fir_boat":3,"minecraft:rabbit_hide":1,"minecraft:iron_ingot":1,"minecraft:stone_pickaxe":1,"minecraft:rabbit":2,"minecraft:iron_sword":1,"biomesoplenty:toadstool":1,"minecraft:sweet_berries":49,"minecraft:raw_iron_block":4,"minecraft:gravel":1,"naturalist:duck_egg":2,"minecraft:spider_eye":1,"minecraft:diamond":6,"minecraft:spruce_sign":12,"soulsweapons:verglas":25,"minecraft:baked_potato":5,"minecraft:oak_sapling":9,"minecraft:coal":109}},"DataVersion":3465}