{"stats":{"minecraft:mined":{"minecraft:diamond_ore":1,"minecraft:grass_block":2,"minecraft:spruce_leaves":1,"minecraft:blue_bed":4,"epicpaladins:bloodstone_ore":8,"minecraft:furnace":2,"minecraft:sweet_berry_bush":2,"minecraft:iron_ore":9,"minecraft:fire":2,"epicpaladins:deepslate_cryorium_ore":8,"minecraft:andesite":13,"biomesoplenty:fir_log":41,"minecraft:grass":1,"minecraft:coal_ore":33,"biomesoplenty:webbing":1,"minecraft:gravel":2,"minecraft:dirt":2,"minecraft:cobweb":3,"minecraft:stone":26,"biomesoplenty:spider_egg":1,"minecraft:deepslate":2,"minecraft:fern":3,"soulsweapons:verglas_ore":8},"minecraft:dropped":{"biomesoplenty:fir_log":8,"biomesoplenty:toadstool":1,"minecraft:iron_sword":2,"minecraft:baked_potato":5,"soulsweapons:sting":3,"epicpaladins:cryorium_gem":8,"minecraft:stone_pickaxe":1,"minecraft:iron_pickaxe":2},"minecraft:broken":{"minecraft:golden_axe":1},"minecraft:killed":{"minecraft:cave_spider":1,"minecraft:pig":1,"minecraft:sheep":1,"minecraft:skeleton":1,"minecraft:zombie":1},"minecraft:picked_up":{"minecraft:andesite":13,"biomesoplenty:fir_log":41,"minecraft:flint":1,"minecraft:string":4,"minecraft:blue_bed":4,"minecraft:dirt":4,"minecraft:red_bed":1,"epicpaladins:bloodstone_gem":7,"soulsweapons:sting":2,"minecraft:bone":1,"biomesoplenty:fir_boat":2,"minecraft:cobbled_deepslate":2,"minecraft:rabbit_hide":1,"minecraft:stone_pickaxe":1,"minecraft:iron_pickaxe":1,"minecraft:rabbit":2,"minecraft:iron_sword":1,"minecraft:furnace":2,"biomesoplenty:toadstool":1,"minecraft:raw_iron":8,"minecraft:sweet_berries":49,"epicpaladins:arclight_gem":2,"minecraft:gravel":1,"minecraft:porkchop":1,"naturalist:duck_egg":2,"minecraft:arrow":1,"epicpaladins:cryorium_gem":16,"minecraft:diamond":1,"soulsweapons:verglas":8,"minecraft:baked_potato":5,"minecraft:cobblestone":21,"minecraft:mutton":2,"minecraft:coal":33,"minecraft:white_wool":1},"minecraft:used":{"epicpaladins:cryorium_sword":6,"soulsweapons:sting":6,"minecraft:water_bucket":9,"epicpaladins:cryorium_pickaxe":35,"minecraft:stone_pickaxe":13,"minecraft:baked_potato":10,"minecraft:shield":8,"minecraft:wooden_pickaxe":13,"minecraft:iron_sword":8,"biomesoplenty:fir_boat":2,"epicpaladins:cryorium_axe":9,"minecraft:blue_bed":4,"naturalist:duck_egg":2,"minecraft:torch":18,"minecraft:dirt":1,"minecraft:crafting_table":3,"minecraft:golden_chestplate":1,"minecraft:iron_pickaxe":57,"minecraft:iron_helmet":1,"minecraft:golden_sword":9,"minecraft:cobblestone":2,"minecraft:sweet_berries":40,"minecraft:furnace":2,"minecraft:andesite":7,"minecraft:bucket":10,"minecraft:golden_axe":32},"minecraft:crafted":{"minecraft:cooked_beef":3,"biomesoplenty:fir_boat":1,"minecraft:crafting_table":3,"minecraft:wooden_pickaxe":1,"minecraft:baked_potato":16,"minecraft:cooked_chicken":5,"minecraft:iron_sword":1,"epicpaladins:cryorium_axe":1,"minecraft:bucket":1,"minecraft:air":0,"biomesoplenty:fir_planks":64,"epicpaladins:cryorium_sword":1,"minecraft:iron_boots":1,"minecraft:shield":1,"minecraft:stick":28,"minecraft:iron_ingot":28,"minecraft:iron_pickaxe":1,"minecraft:stone_pickaxe":1,"epicpaladins:cryorium_pickaxe":1,"soulsweapons:sting":1,"minecraft:torch":52},"minecraft:custom":{"minecraft:interact_with_furnace":25,"minecraft:mob_kills":6,"minecraft:interact_with_crafting_table":24,"minecraft:time_since_death":77743,"minecraft:sleep_in_bed":4,"minecraft:damage_resisted":24,"minecraft:time_since_rest":19643,"minecraft:sprint_one_cm":220659,"minecraft:damage_taken":540,"minecraft:walk_one_cm":137687,"minecraft:damage_blocked_by_shield":280,"minecraft:drop":17,"minecraft:damage_dealt":979,"minecraft:swim_one_cm":7549,"minecraft:talked_to_villager":2,"minecraft:fly_one_cm":359718,"minecraft:open_chest":8,"minecraft:crouch_one_cm":2038,"minecraft:play_time":77743,"tombstone:undead_killed":2,"minecraft:sneak_time":431,"minecraft:walk_under_water_one_cm":9549,"minecraft:boat_one_cm":54118,"minecraft:jump":1439,"minecraft:interact_with_brewingstand":1,"minecraft:interact_with_blast_furnace":1,"minecraft:walk_on_water_one_cm":8146,"minecraft:total_world_time":77743,"minecraft:interact_with_smoker":1,"minecraft:fall_one_cm":32876}},"DataVersion":3465}