{"stats":{"minecraft:killed":{"minecraft:cave_spider":1,"minecraft:spider":1,"naturalist:robin":1,"minecraft:skeleton":1,"naturalist:giraffe":1,"minecraft:pig":2,"minecraft:sheep":1,"minecraft:zombie":6,"minecraft:cow":14},"minecraft:mined":{"minecraft:diamond_ore":1,"minecraft:grass_block":5,"minecraft:coal_block":1,"minecraft:spruce_leaves":1,"minecraft:raw_iron_block":4,"minecraft:furnace":2,"minecraft:iron_ore":25,"minecraft:fire":2,"minecraft:andesite":14,"biomesoplenty:webbing":1,"biomesoplenty:spider_egg":1,"minecraft:stone":28,"minecraft:tall_grass":2,"minecraft:blue_bed":4,"epicpaladins:bloodstone_ore":8,"minecraft:birch_log":29,"minecraft:sweet_berry_bush":2,"epicpaladins:deepslate_cryorium_ore":8,"minecraft:birch_leaves":2,"biomesoplenty:fir_log":41,"minecraft:grass":10,"minecraft:oak_log":49,"minecraft:coal_ore":49,"minecraft:gravel":2,"minecraft:dirt":3,"minecraft:cobweb":3,"minecraft:oak_leaves":4,"minecraft:deepslate":2,"minecraft:fern":5,"soulsweapons:verglas_ore":8},"minecraft:used":{"soulsweapons:sting":6,"epicpaladins:cryorium_pickaxe":77,"minecraft:chest":1,"minecraft:shield":9,"minecraft:iron_sword":8,"minecraft:torch":18,"minecraft:dirt":1,"minecraft:golden_chestplate":1,"minecraft:birch_sapling":3,"minecraft:iron_helmet":1,"minecraft:golden_sword":9,"minecraft:sweet_berries":43,"minecraft:furnace":4,"minecraft:oak_sapling":7,"minecraft:golden_axe":32,"epicpaladins:cryorium_sword":67,"minecraft:water_bucket":9,"minecraft:stone_pickaxe":13,"minecraft:baked_potato":10,"minecraft:birch_boat":1,"minecraft:wooden_pickaxe":13,"biomesoplenty:fir_boat":3,"epicpaladins:cryorium_axe":97,"minecraft:blue_bed":4,"naturalist:duck_egg":2,"minecraft:crafting_table":6,"minecraft:red_bed":1,"minecraft:bread":16,"minecraft:iron_pickaxe":57,"minecraft:cobblestone":2,"minecraft:bucket":10,"minecraft:andesite":7},"minecraft:dropped":{"biomesoplenty:fir_log":8,"minecraft:iron_sword":2,"minecraft:wheat_seeds":1,"minecraft:baked_potato":5,"minecraft:feather":4,"minecraft:stick":2,"minecraft:flint":1,"epicpaladins:cryorium_gem":8,"minecraft:iron_pickaxe":2,"minecraft:string":8,"biomesoplenty:toadstool":1,"minecraft:rotten_flesh":5,"soulsweapons:sting":3,"minecraft:stone_pickaxe":1},"minecraft:broken":{"minecraft:golden_axe":1},"minecraft:crafted":{"minecraft:oak_planks":4,"minecraft:birch_boat":1,"minecraft:cooked_chicken":5,"usefulbackpacks:backpack_small":1,"minecraft:furnace":2,"minecraft:iron_boots":1,"minecraft:stone_pickaxe":1,"minecraft:chest":1,"epicpaladins:cryorium_pickaxe":1,"usefulbackpacks:backpack_medium":1,"minecraft:cooked_beef":17,"biomesoplenty:fir_boat":1,"minecraft:crafting_table":6,"minecraft:wooden_pickaxe":1,"minecraft:baked_potato":16,"minecraft:iron_sword":1,"epicpaladins:cryorium_axe":1,"minecraft:bucket":1,"minecraft:birch_planks":8,"minecraft:air":0,"biomesoplenty:fir_planks":64,"epicpaladins:cryorium_sword":1,"minecraft:shield":1,"minecraft:stick":28,"usefulbackpacks:backpack_large":1,"minecraft:iron_ingot":38,"minecraft:iron_pickaxe":1,"soulsweapons:sting":1,"minecraft:torch":52,"minecraft:shears":1},"minecraft:custom":{"minecraft:mob_kills":29,"minecraft:interact_with_crafting_table":38,"minecraft:open_barrel":12,"minecraft:leave_game":1,"minecraft:time_since_death":123099,"minecraft:damage_resisted":24,"minecraft:sprint_one_cm":419063,"minecraft:walk_one_cm":204622,"minecraft:damage_blocked_by_shield":310,"minecraft:drop":26,"minecraft:talked_to_villager":2,"minecraft:play_time":123099,"minecraft:sneak_time":508,"minecraft:walk_under_water_one_cm":13902,"minecraft:boat_one_cm":96103,"minecraft:jump":2566,"minecraft:interact_with_brewingstand":1,"minecraft:interact_with_blast_furnace":1,"minecraft:walk_on_water_one_cm":12064,"minecraft:total_world_time":123099,"minecraft:interact_with_furnace":34,"minecraft:sleep_in_bed":7,"minecraft:time_since_rest":3594,"minecraft:damage_taken":842,"minecraft:damage_dealt":3999,"minecraft:swim_one_cm":29256,"minecraft:fly_one_cm":718152,"minecraft:open_chest":31,"minecraft:crouch_one_cm":2341,"tombstone:undead_killed":7,"minecraft:interact_with_smoker":1,"minecraft:fall_one_cm":66675},"minecraft:picked_up":{"minecraft:string":12,"minecraft:red_bed":1,"epicpaladins:bloodstone_gem":7,"soulsweapons:sting":2,"minecraft:cobbled_deepslate":2,"minecraft:beef":28,"minecraft:iron_pickaxe":1,"minecraft:coal_block":1,"minecraft:birch_sapling":3,"minecraft:furnace":2,"minecraft:stick":7,"minecraft:raw_iron":24,"epicpaladins:arclight_gem":2,"minecraft:porkchop":4,"tombstone:grave_dust":1,"minecraft:arrow":1,"epicpaladins:cryorium_gem":16,"minecraft:rotten_flesh":5,"minecraft:mutton":2,"minecraft:white_wool":19,"minecraft:cobblestone":23,"minecraft:birch_log":29,"minecraft:feather":6,"minecraft:andesite":14,"minecraft:leather":19,"biomesoplenty:fir_log":41,"minecraft:flint":1,"minecraft:oak_log":49,"minecraft:blue_bed":4,"minecraft:dirt":8,"minecraft:lantern":3,"minecraft:bone":1,"minecraft:wheat_seeds":1,"biomesoplenty:fir_boat":3,"minecraft:rabbit_hide":1,"minecraft:stone_pickaxe":1,"minecraft:rabbit":2,"minecraft:iron_sword":1,"biomesoplenty:toadstool":1,"minecraft:sweet_berries":49,"minecraft:raw_iron_block":4,"minecraft:gravel":1,"naturalist:duck_egg":2,"minecraft:spider_eye":1,"minecraft:diamond":1,"minecraft:spruce_sign":12,"soulsweapons:verglas":8,"minecraft:baked_potato":5,"minecraft:oak_sapling":9,"minecraft:coal":49}},"DataVersion":3465}