{"stats":{"minecraft:mined":{"minecraft:grass":1,"minecraft:coal_ore":7,"minecraft:blue_bed":1,"minecraft:stone":5,"minecraft:fern":1,"biomesoplenty:fir_log":32},"minecraft:broken":{"minecraft:golden_axe":1},"minecraft:picked_up":{"minecraft:rabbit_hide":1,"biomesoplenty:fir_log":32,"minecraft:rabbit":2,"minecraft:coal":7,"minecraft:blue_bed":1,"minecraft:cobblestone":5},"minecraft:used":{"minecraft:golden_sword":1,"minecraft:cobblestone":2,"minecraft:crafting_table":1,"minecraft:baked_potato":4,"minecraft:iron_helmet":1,"minecraft:wooden_pickaxe":12,"minecraft:golden_chestplate":1,"minecraft:golden_axe":32},"minecraft:crafted":{"biomesoplenty:fir_planks":64,"minecraft:torch":8,"minecraft:air":0,"minecraft:baked_potato":16,"minecraft:crafting_table":1,"minecraft:stick":4,"minecraft:wooden_pickaxe":1},"minecraft:custom":{"minecraft:time_since_rest":3738,"minecraft:open_chest":5,"minecraft:crouch_one_cm":231,"minecraft:interact_with_furnace":5,"minecraft:play_time":17743,"minecraft:sprint_one_cm":75212,"minecraft:damage_taken":27,"minecraft:walk_one_cm":28757,"minecraft:sneak_time":30,"minecraft:jump":466,"minecraft:sleep_in_bed":1,"minecraft:interact_with_blast_furnace":1,"minecraft:time_since_death":17743,"minecraft:total_world_time":17743,"minecraft:talked_to_villager":2,"minecraft:fall_one_cm":9834,"minecraft:interact_with_crafting_table":1,"minecraft:fly_one_cm":174119}},"DataVersion":3465}