{"stats":{"minecraft:killed":{"minecraft:cave_spider":1,"minecraft:spider":2,"naturalist:robin":1,"minecraft:skeleton":3,"naturalist:giraffe":1,"minecraft:pig":2,"minecraft:sheep":1,"minecraft:zombie":10,"minecraft:cow":14},"minecraft:mined":{"minecraft:diamond_ore":1,"minecraft:grass_block":5,"minecraft:coal_block":1,"minecraft:spruce_leaves":1,"minecraft:raw_iron_block":4,"minecraft:furnace":2,"minecraft:iron_ore":62,"minecraft:fire":2,"minecraft:andesite":14,"biomesoplenty:webbing":1,"biomesoplenty:spider_egg":1,"minecraft:stone":45,"minecraft:tall_grass":2,"minecraft:blue_bed":4,"epicpaladins:bloodstone_ore":14,"minecraft:birch_log":29,"minecraft:sweet_berry_bush":2,"epicpaladins:deepslate_cryorium_ore":8,"minecraft:birch_leaves":2,"biomesoplenty:fir_log":41,"minecraft:grass":10,"minecraft:oak_log":49,"minecraft:coal_ore":91,"minecraft:gravel":2,"minecraft:dirt":3,"minecraft:cobweb":3,"minecraft:oak_leaves":4,"minecraft:deepslate":2,"minecraft:fern":5,"soulsweapons:verglas_ore":12},"minecraft:used":{"soulsweapons:sting":6,"epicpaladins:cryorium_pickaxe":183,"minecraft:chest":1,"minecraft:shield":17,"minecraft:iron_sword":8,"minecraft:torch":33,"minecraft:dirt":1,"minecraft:golden_chestplate":1,"minecraft:birch_sapling":3,"minecraft:iron_helmet":1,"minecraft:golden_sword":9,"minecraft:sweet_berries":43,"minecraft:furnace":4,"minecraft:oak_sapling":7,"tombstone:gift":2,"minecraft:golden_axe":32,"epicpaladins:cryorium_sword":94,"minecraft:water_bucket":13,"minecraft:stone_pickaxe":13,"minecraft:baked_potato":10,"minecraft:birch_boat":1,"minecraft:wooden_pickaxe":13,"biomesoplenty:fir_boat":3,"epicpaladins:cryorium_axe":97,"minecraft:blue_bed":4,"naturalist:duck_egg":2,"minecraft:crafting_table":6,"minecraft:red_bed":1,"minecraft:bread":20,"minecraft:iron_pickaxe":57,"minecraft:cobblestone":3,"minecraft:bucket":14,"minecraft:andesite":7},"minecraft:dropped":{"biomesoplenty:fir_log":8,"minecraft:iron_sword":2,"minecraft:wheat_seeds":1,"minecraft:baked_potato":5,"minecraft:feather":6,"minecraft:stick":2,"minecraft:flint":1,"epicpaladins:cryorium_gem":8,"minecraft:iron_pickaxe":2,"minecraft:string":8,"biomesoplenty:toadstool":1,"minecraft:rotten_flesh":5,"soulsweapons:sting":3,"minecraft:spider_eye":1,"minecraft:stone_pickaxe":1},"minecraft:broken":{"minecraft:golden_axe":1},"minecraft:crafted":{"minecraft:oak_planks":4,"minecraft:birch_boat":1,"minecraft:cooked_chicken":5,"usefulbackpacks:backpack_small":1,"minecraft:furnace":2,"minecraft:iron_boots":1,"minecraft:stone_pickaxe":1,"minecraft:chest":1,"epicpaladins:cryorium_pickaxe":1,"usefulbackpacks:backpack_medium":1,"minecraft:cooked_beef":17,"biomesoplenty:fir_boat":1,"minecraft:cooked_porkchop":3,"minecraft:crafting_table":6,"minecraft:wooden_pickaxe":1,"minecraft:baked_potato":16,"minecraft:iron_sword":1,"epicpaladins:cryorium_axe":1,"minecraft:bucket":1,"minecraft:birch_planks":8,"minecraft:air":0,"biomesoplenty:fir_planks":64,"epicpaladins:cryorium_sword":1,"minecraft:shield":1,"minecraft:stick":28,"usefulbackpacks:backpack_large":1,"minecraft:iron_ingot":38,"minecraft:iron_pickaxe":1,"soulsweapons:sting":1,"minecraft:torch":52,"minecraft:shears":1},"minecraft:custom":{"minecraft:mob_kills":36,"minecraft:interact_with_crafting_table":38,"minecraft:open_barrel":13,"minecraft:leave_game":1,"minecraft:time_since_death":135099,"minecraft:damage_resisted":24,"minecraft:sprint_one_cm":462646,"minecraft:walk_one_cm":233169,"minecraft:damage_blocked_by_shield":630,"minecraft:drop":28,"minecraft:talked_to_villager":2,"minecraft:play_time":135099,"minecraft:sneak_time":508,"minecraft:walk_under_water_one_cm":15220,"minecraft:boat_one_cm":96103,"minecraft:jump":2818,"minecraft:interact_with_brewingstand":1,"minecraft:interact_with_blast_furnace":1,"minecraft:walk_on_water_one_cm":13526,"minecraft:total_world_time":135099,"minecraft:interact_with_furnace":36,"minecraft:sleep_in_bed":7,"minecraft:time_since_rest":15594,"minecraft:damage_taken":997,"minecraft:damage_dealt":5652,"minecraft:swim_one_cm":30369,"minecraft:fly_one_cm":781057,"minecraft:open_chest":38,"minecraft:crouch_one_cm":2341,"tombstone:undead_killed":13,"minecraft:interact_with_smoker":1,"minecraft:fall_one_cm":73574},"minecraft:picked_up":{"minecraft:string":13,"minecraft:red_bed":1,"epicpaladins:bloodstone_gem":13,"soulsweapons:sting":2,"minecraft:cobbled_deepslate":2,"minecraft:beef":28,"minecraft:iron_pickaxe":1,"minecraft:coal_block":1,"minecraft:birch_sapling":3,"minecraft:furnace":2,"minecraft:stick":7,"minecraft:raw_iron":61,"epicpaladins:arclight_gem":2,"minecraft:torch":1,"minecraft:porkchop":4,"tombstone:grave_dust":1,"minecraft:arrow":1,"epicpaladins:cryorium_gem":16,"minecraft:rotten_flesh":8,"minecraft:mutton":2,"minecraft:white_wool":19,"minecraft:cobblestone":40,"minecraft:birch_log":29,"minecraft:feather":6,"minecraft:andesite":14,"minecraft:leather":19,"biomesoplenty:fir_log":41,"minecraft:flint":1,"minecraft:oak_log":49,"minecraft:blue_bed":4,"minecraft:dirt":8,"minecraft:lantern":3,"minecraft:bone":2,"minecraft:wheat_seeds":1,"biomesoplenty:fir_boat":3,"minecraft:rabbit_hide":1,"minecraft:stone_pickaxe":1,"minecraft:rabbit":2,"minecraft:iron_sword":1,"biomesoplenty:toadstool":1,"minecraft:sweet_berries":49,"minecraft:raw_iron_block":4,"minecraft:gravel":1,"naturalist:duck_egg":2,"minecraft:spider_eye":1,"minecraft:diamond":1,"minecraft:spruce_sign":12,"soulsweapons:verglas":12,"minecraft:baked_potato":5,"minecraft:oak_sapling":9,"minecraft:coal":91}},"DataVersion":3465}