{"stats":{"minecraft:mined":{"minecraft:coal_ore":7,"minecraft:stone":5,"minecraft:fern":1,"biomesoplenty:fir_log":32},"minecraft:broken":{"minecraft:golden_axe":1},"minecraft:picked_up":{"minecraft:rabbit_hide":1,"biomesoplenty:fir_log":32,"minecraft:rabbit":2,"minecraft:coal":7,"minecraft:cobblestone":5},"minecraft:used":{"minecraft:cobblestone":2,"minecraft:crafting_table":1,"minecraft:baked_potato":2,"minecraft:iron_helmet":1,"minecraft:wooden_pickaxe":12,"minecraft:golden_chestplate":1,"minecraft:golden_axe":32},"minecraft:crafted":{"biomesoplenty:fir_planks":64,"minecraft:torch":8,"minecraft:air":0,"minecraft:baked_potato":16,"minecraft:crafting_table":1,"minecraft:stick":4,"minecraft:wooden_pickaxe":1},"minecraft:custom":{"minecraft:time_since_rest":11743,"minecraft:open_chest":5,"minecraft:crouch_one_cm":231,"minecraft:interact_with_furnace":5,"minecraft:play_time":11743,"minecraft:sprint_one_cm":49480,"minecraft:damage_taken":7,"minecraft:walk_one_cm":23500,"minecraft:sneak_time":25,"minecraft:jump":289,"minecraft:interact_with_blast_furnace":1,"minecraft:time_since_death":11743,"minecraft:total_world_time":11743,"minecraft:talked_to_villager":2,"minecraft:fall_one_cm":6237,"minecraft:interact_with_crafting_table":1,"minecraft:fly_one_cm":96058}},"DataVersion":3465}