{"stats":{"minecraft:killed":{"minecraft:cave_spider":1,"minecraft:spider":2,"naturalist:robin":1,"minecraft:skeleton":10,"naturalist:giraffe":1,"minecraft:pig":2,"minecraft:sheep":1,"minecraft:zombie":16,"minecraft:cow":15},"minecraft:mined":{"minecraft:diamond_ore":1,"minecraft:tuff":1,"minecraft:deepslate_diamond_ore":6,"minecraft:oak_door":7,"epicpaladins:cryorium_ore":6,"minecraft:grass_block":5,"minecraft:coal_block":1,"minecraft:spruce_leaves":1,"epicpaladins:deepslate_arclight_ore":1,"minecraft:magma_block":9,"minecraft:raw_iron_block":4,"minecraft:furnace":2,"minecraft:iron_ore":81,"minecraft:fire":2,"biomesoplenty:lavender":1,"minecraft:andesite":14,"minecraft:deepslate_lapis_ore":3,"soulsweapons:moonstone_ore_deepslate":10,"minecraft:deepslate_iron_ore":31,"biomesoplenty:webbing":1,"biomesoplenty:spider_egg":1,"minecraft:stone":75,"epicpaladins:deepslate_bloodstone_ore":8,"soulsweapons:verglas_ore_deepslate":11,"minecraft:tall_grass":2,"minecraft:deepslate_gold_ore":7,"minecraft:diorite":8,"minecraft:blue_bed":4,"epicpaladins:bloodstone_ore":29,"minecraft:birch_log":29,"minecraft:sweet_berry_bush":2,"epicpaladins:deepslate_cryorium_ore":12,"minecraft:birch_leaves":2,"biomesoplenty:fir_log":41,"minecraft:grass":11,"minecraft:oak_log":49,"minecraft:coal_ore":132,"minecraft:gravel":2,"minecraft:dirt":3,"minecraft:cobweb":3,"minecraft:oak_leaves":4,"minecraft:deepslate":30,"minecraft:fern":5,"soulsweapons:verglas_ore":22},"minecraft:used":{"soulsweapons:sting":6,"epicpaladins:cryorium_pickaxe":434,"minecraft:chest":1,"minecraft:shield":24,"minecraft:iron_sword":8,"minecraft:oak_door":7,"minecraft:torch":53,"minecraft:dirt":1,"minecraft:golden_chestplate":1,"minecraft:birch_sapling":3,"minecraft:iron_helmet":1,"minecraft:golden_sword":9,"minecraft:sweet_berries":43,"minecraft:furnace":4,"minecraft:oak_sapling":7,"tombstone:gift":2,"minecraft:cobbled_deepslate":14,"minecraft:golden_axe":32,"epicpaladins:cryorium_sword":135,"minecraft:water_bucket":15,"minecraft:stone_pickaxe":13,"minecraft:baked_potato":10,"minecraft:birch_boat":1,"minecraft:wooden_pickaxe":13,"biomesoplenty:fir_boat":3,"epicpaladins:cryorium_axe":104,"minecraft:blue_bed":4,"naturalist:duck_egg":2,"minecraft:crafting_table":7,"minecraft:red_bed":1,"minecraft:bread":39,"minecraft:iron_pickaxe":57,"minecraft:cobblestone":24,"minecraft:bucket":16,"minecraft:andesite":7},"minecraft:dropped":{"biomesoplenty:fir_log":8,"minecraft:iron_sword":2,"minecraft:wheat_seeds":1,"minecraft:baked_potato":5,"minecraft:feather":6,"minecraft:stick":2,"minecraft:flint":1,"epicpaladins:cryorium_gem":8,"minecraft:iron_pickaxe":2,"minecraft:string":8,"biomesoplenty:toadstool":1,"minecraft:rotten_flesh":5,"soulsweapons:sting":3,"minecraft:spider_eye":1,"minecraft:stone_pickaxe":1},"minecraft:broken":{"minecraft:golden_axe":1},"minecraft:crafted":{"minecraft:oak_door":6,"minecraft:oak_planks":24,"minecraft:birch_boat":1,"minecraft:cooked_chicken":5,"usefulbackpacks:backpack_small":1,"minecraft:furnace":2,"minecraft:iron_boots":1,"minecraft:stone_pickaxe":1,"minecraft:chest":1,"epicpaladins:cryorium_pickaxe":1,"usefulbackpacks:backpack_medium":1,"minecraft:cooked_beef":17,"biomesoplenty:fir_boat":1,"minecraft:cooked_porkchop":3,"minecraft:crafting_table":7,"minecraft:wooden_pickaxe":1,"minecraft:baked_potato":16,"minecraft:iron_sword":1,"epicpaladins:cryorium_axe":1,"minecraft:bucket":1,"minecraft:birch_planks":8,"minecraft:air":0,"biomesoplenty:fir_planks":64,"epicpaladins:cryorium_sword":1,"minecraft:shield":1,"minecraft:stick":28,"usefulbackpacks:backpack_large":1,"minecraft:iron_ingot":38,"minecraft:iron_pickaxe":1,"soulsweapons:sting":1,"minecraft:torch":52,"minecraft:shears":1},"minecraft:custom":{"minecraft:mob_kills":50,"minecraft:interact_with_crafting_table":39,"minecraft:open_barrel":14,"minecraft:leave_game":1,"minecraft:time_since_death":171099,"minecraft:damage_resisted":24,"minecraft:sprint_one_cm":604285,"minecraft:walk_one_cm":312027,"minecraft:damage_blocked_by_shield":910,"minecraft:drop":28,"minecraft:talked_to_villager":2,"minecraft:play_time":171099,"minecraft:sneak_time":1345,"minecraft:walk_under_water_one_cm":37718,"minecraft:boat_one_cm":96103,"minecraft:jump":3818,"minecraft:interact_with_brewingstand":1,"minecraft:interact_with_blast_furnace":1,"minecraft:walk_on_water_one_cm":35866,"minecraft:total_world_time":171099,"minecraft:interact_with_furnace":38,"minecraft:sleep_in_bed":7,"minecraft:time_since_rest":51594,"minecraft:damage_taken":1572,"minecraft:damage_dealt":8195,"minecraft:swim_one_cm":89199,"minecraft:fly_one_cm":986002,"minecraft:open_chest":42,"minecraft:crouch_one_cm":4807,"tombstone:undead_killed":26,"minecraft:interact_with_smoker":1,"minecraft:fall_one_cm":97286},"minecraft:picked_up":{"soulsweapons:moonstone":10,"minecraft:string":13,"minecraft:red_bed":1,"epicpaladins:bloodstone_gem":36,"soulsweapons:sting":2,"minecraft:cobbled_deepslate":27,"minecraft:beef":30,"minecraft:iron_pickaxe":1,"minecraft:coal_block":1,"minecraft:birch_sapling":3,"minecraft:furnace":2,"minecraft:stick":7,"minecraft:raw_iron":111,"minecraft:oak_door":7,"epicpaladins:arclight_gem":3,"minecraft:torch":1,"minecraft:porkchop":4,"tombstone:grave_dust":3,"minecraft:diorite":7,"minecraft:arrow":6,"epicpaladins:cryorium_gem":26,"minecraft:rotten_flesh":12,"tombstone:essence_of_undeath":1,"minecraft:mutton":2,"minecraft:white_wool":19,"minecraft:cobblestone":69,"biomesoplenty:lavender":2,"minecraft:birch_log":29,"minecraft:magma_block":9,"minecraft:feather":6,"minecraft:glow_ink_sac":3,"minecraft:andesite":14,"minecraft:leather":21,"biomesoplenty:fir_log":41,"minecraft:flint":1,"minecraft:tuff":1,"minecraft:oak_log":49,"minecraft:lapis_lazuli":23,"minecraft:blue_bed":4,"minecraft:dirt":9,"minecraft:lantern":3,"minecraft:bone":9,"minecraft:wheat_seeds":1,"biomesoplenty:fir_boat":3,"minecraft:raw_gold":7,"minecraft:rabbit_hide":1,"minecraft:iron_ingot":1,"minecraft:stone_pickaxe":1,"minecraft:rabbit":2,"minecraft:iron_sword":1,"biomesoplenty:toadstool":1,"minecraft:sweet_berries":49,"minecraft:raw_iron_block":4,"minecraft:gravel":1,"naturalist:duck_egg":2,"minecraft:spider_eye":1,"minecraft:diamond":7,"minecraft:spruce_sign":12,"soulsweapons:verglas":33,"minecraft:baked_potato":5,"minecraft:oak_sapling":9,"minecraft:coal":131}},"DataVersion":3465}